Age, Height, Weight, Chest, Size, Color
26, 156.0, 65.7, 92.2,Small, red 
21, 166.5, 53.4, 83.9,XX_Small, pink 
23, 171.1, 66.3, 87.4,X_Small, yellow 
22, 166.0, 78.2, 100.8,Medium, blue 
45, 157.2, 88.6, 108.9,Large, lavender 
44, 170.7, 83.7, 103.1,Large, lavender 
21, 164.4, 73.2, 98.8,Medium, blue 
23, 167.1, 76.0, 96.8,Medium, blue 
24, 152.1, 54.5, 83.1,XX_Small, pink 
37, 159.0, 68.4, 101.0,Medium, blue 
33, 170.7, 99.0, 106.5,Large, lavender 
36, 166.8, 74.2, 103.4,Large, lavender 
40, 165.4, 78.1, 106.3,Large, lavender 
24, 166.6, 71.8, 93.7,Small, red 
30, 159.9, 70.9, 98.9,Medium, blue 
36, 167.3, 67.2, 94.0,Small, red 
19, 164.7, 62.0, 83.5,XX_Small, pink 
19, 167.8, 59.5, 89.7,X_Small, yellow 
33, 167.9, 74.1, 97.9,Medium, blue 
34, 161.5, 60.5, 85.3,X_Small, yellow 
31, 151.7, 80.0, 109.0,Large, lavender 
29, 167.4, 74.7, 94.1,Small, red 
31, 162.3, 49.1, 85.7,X_Small, yellow 
33, 166.8, 70.3, 97.3,Medium, blue 
19, 164.4, 71.5, 97.5,Medium, blue 
23, 157.9, 70.8, 102.6,Large, lavender 
23, 144.6, 48.8, 83.2,XX_Small, pink 
21, 162.0, 69.1, 92.1,Small, red 
24, 168.4, 73.0, 103.2,Large, lavender 
30, 161.9, 61.0, 90.4,Small, red 
30, 159.2, 65.8, 95.1,Medium, blue 
28, 165.5, 70.9, 95.0,Medium, blue 
22, 172.3, 72.8, 96.5,Medium, blue 
40, 167.7, 84.6, 111.5,Large, lavender 
42, 165.4, 94.5, 117.0,X_Large, green 
26, 163.4, 62.7, 89.5,X_Small, yellow 
40, 168.3, 57.8, 94.4,Small, red 
29, 155.2, 52.4, 83.3,XX_Small, pink 
37, 161.7, 73.2, 102.5,Large, lavender 
26, 158.8, 79.1, 98.2,Medium, blue 
31, 164.1, 89.4, 106.0,Large, lavender 
28, 168.5, 68.9, 99.1,Medium, blue 
25, 165.6, 75.8, 99.4,Medium, blue 
26, 160.3, 73.1, 107.1,Large, lavender 
35, 160.8, 74.8, 94.5,Small, red 
22, 166.4, 80.6, 109.4,Large, lavender 
40, 161.9, 71.4, 93.2,Small, red 
43, 162.0, 71.2, 101.3,Medium, blue 
20, 172.0, 65.7, 91.0,Small, red 
26, 158.2, 47.7, 79.3,XX_Small, pink 
24, 172.0, 69.6, 95.4,Medium, blue 
27, 172.0, 119.6, 116.1,X_Large, green 
41, 170.1, 88.7, 113.5,X_Large, green 
30, 162.7, 75.4, 109.5,Large, lavender 
25, 153.6, 67.8, 101.4,Medium, blue 
24, 154.6, 60.7, 94.6,Small, red 
21, 165.4, 57.2, 81.4,XX_Small, pink 
24, 160.5, 68.9, 94.0,Small, red 
29, 163.0, 71.2, 98.8,Medium, blue 
23, 161.2, 60.4, 90.4,Small, red 
35, 175.7, 69.7, 87.6,X_Small, yellow 
28, 167.0, 85.4, 109.0,Large, lavender 
26, 163.2, 61.7, 94.3,Small, red 
27, 163.5, 79.0, 113.2,X_Large, green 
25, 168.2, 67.2, 97.7,Medium, blue 
27, 166.1, 69.5, 97.7,Medium, blue 
22, 159.6, 66.9, 100.6,Medium, blue 
24, 159.6, 57.4, 93.6,Small, red 
26, 166.5, 81.5, 106.5,Large, lavender 
27, 161.7, 61.8, 89.0,X_Small, yellow 
20, 155.5, 64.5, 90.0,Small, red 
36, 157.8, 55.7, 86.2,X_Small, yellow 
44, 158.1, 61.4, 89.6,X_Small, yellow 
34, 169.8, 66.8, 94.3,Small, red 
26, 155.4, 73.0, 109.2,Large, lavender 
22, 175.6, 73.7, 92.0,Small, red 
29, 156.6, 69.3, 107.1,Large, lavender 
44, 165.1, 75.7, 100.1,Medium, blue 
38, 158.5, 74.0, 112.6,X_Large, green 
22, 165.7, 68.2, 98.2,Medium, blue 
25, 171.9, 86.7, 106.9,Large, lavender 
18, 182.2, 88.2, 106.1,Large, lavender 
34, 164.9, 78.6, 103.1,Large, lavender 
20, 168.7, 62.2, 92.4,Small, red 
33, 169.8, 78.2, 99.9,Medium, blue 
36, 153.0, 60.8, 86.5,X_Small, yellow 
29, 158.1, 67.4, 99.8,Medium, blue 
23, 160.9, 68.6, 93.0,Small, red 
35, 164.4, 67.0, 93.4,Small, red 
19, 154.8, 63.5, 85.6,X_Small, yellow 
30, 160.6, 77.3, 97.9,Medium, blue 
42, 164.2, 55.5, 85.2,X_Small, yellow 
38, 162.2, 72.7, 101.4,Medium, blue 
24, 166.9, 59.3, 84.1,X_Small, yellow 
35, 174.5, 99.8, 105.7,Large, lavender 
32, 149.5, 58.1, 98.6,Medium, blue 
41, 149.3, 64.2, 95.1,Medium, blue 
40, 164.1, 75.8, 106.8,Large, lavender 
42, 160.7, 68.3, 94.5,Small, red 
33, 156.0, 47.1, 82.6,XX_Small, pink 
30, 162.5, 66.5, 97.8,Medium, blue 
36, 167.0, 68.5, 97.8,Medium, blue 
20, 161.6, 57.9, 87.0,X_Small, yellow 
46, 158.2, 64.7, 108.0,Large, lavender 
20, 173.0, 59.1, 92.1,Small, red 
20, 150.1, 45.0, 84.6,X_Small, yellow 
40, 151.5, 57.2, 95.9,Medium, blue 
31, 157.6, 72.1, 102.2,Large, lavender 
32, 162.8, 67.6, 87.8,X_Small, yellow 
32, 158.6, 71.1, 102.9,Large, lavender 
24, 173.7, 79.1, 93.6,Small, red 
24, 157.6, 53.6, 83.4,XX_Small, pink 
32, 162.6, 63.9, 93.1,Small, red 
32, 160.4, 62.8, 98.1,Medium, blue 
27, 167.3, 78.8, 103.7,Large, lavender 
27, 164.2, 59.8, 98.1,Medium, blue 
41, 153.8, 75.2, 105.2,Large, lavender 
38, 157.4, 68.6, 102.8,Large, lavender 
26, 163.7, 66.8, 94.6,Small, red 
25, 162.0, 61.3, 93.0,Small, red 
20, 173.3, 74.2, 93.7,Small, red 
26, 152.6, 52.2, 81.0,XX_Small, pink 
42, 173.2, 76.7, 99.1,Medium, blue 
20, 162.4, 66.1, 98.5,Medium, blue 
34, 150.7, 50.5, 84.4,X_Small, yellow 
31, 156.0, 63.7, 96.5,Medium, blue 
20, 164.0, 66.6, 98.5,Medium, blue 
21, 167.5, 61.0, 86.2,X_Small, yellow 
19, 152.6, 58.1, 86.3,X_Small, yellow 
27, 162.3, 60.9, 87.0,X_Small, yellow 
24, 158.4, 57.5, 81.5,XX_Small, pink 
42, 167.1, 79.7, 105.7,Large, lavender 
43, 155.2, 74.5, 113.7,X_Large, green 
31, 163.3, 61.4, 87.4,X_Small, yellow 
37, 153.0, 67.7, 100.4,Medium, blue 
27, 160.6, 50.8, 84.4,X_Small, yellow 
24, 161.7, 63.3, 95.0,Medium, blue 
24, 164.5, 71.1, 101.3,Medium, blue 
36, 168.1, 72.7, 96.0,Medium, blue 
22, 165.5, 67.9, 99.2,Medium, blue 
24, 162.6, 83.3, 106.9,Large, lavender 
26, 163.5, 62.2, 83.8,XX_Small, pink 
32, 157.2, 61.6, 96.2,Medium, blue 
45, 160.8, 57.3, 89.9,X_Small, yellow 
29, 166.2, 50.7, 82.8,XX_Small, pink 
21, 158.2, 61.1, 94.0,Small, red 
21, 170.1, 86.6, 115.6,X_Large, green 
40, 160.2, 52.3, 88.6,X_Small, yellow 
34, 154.9, 67.6, 99.1,Medium, blue 
21, 156.1, 54.9, 89.9,X_Small, yellow 
24, 167.7, 57.1, 88.9,X_Small, yellow 
30, 159.4, 64.4, 90.7,Small, red 
21, 162.8, 64.9, 94.0,Small, red 
21, 154.9, 59.2, 94.9,Small, red 
41, 155.9, 56.3, 86.6,X_Small, yellow 
27, 161.9, 58.0, 90.7,Small, red 
39, 169.0, 81.0, 98.3,Medium, blue 
32, 169.8, 64.9, 89.5,X_Small, yellow 
24, 170.5, 65.4, 89.2,X_Small, yellow 
24, 162.5, 57.0, 87.5,X_Small, yellow 
35, 166.6, 80.5, 101.2,Medium, blue 
24, 155.9, 67.1, 102.6,Large, lavender 
35, 159.5, 67.3, 97.7,Medium, blue 
23, 163.4, 55.0, 81.2,XX_Small, pink 
41, 164.3, 70.8, 91.3,Small, red 
39, 166.7, 53.8, 94.3,Small, red 
39, 166.1, 77.1, 103.2,Large, lavender 
46, 156.0, 60.2, 87.8,X_Small, yellow 
42, 161.0, 71.9, 97.1,Medium, blue 
50, 161.0, 61.7, 90.6,Small, red 
44, 168.2, 76.1, 102.4,Large, lavender 
45, 160.4, 73.9, 102.8,Large, lavender 
47, 154.0, 56.0, 88.1,X_Small, yellow 
42, 163.8, 64.7, 91.9,Small, red 
45, 165.6, 72.4, 91.8,Small, red 
39, 159.7, 70.8, 111.8,Large, lavender 
44, 174.9, 95.3, 113.0,X_Large, green 
44, 166.1, 74.8, 100.2,Medium, blue 
25, 152.6, 70.0, 103.9,Large, lavender 
37, 158.3, 65.5, 93.4,Small, red 
46, 153.3, 49.9, 84.4,X_Small, yellow 
48, 157.5, 55.3, 82.1,XX_Small, pink 
38, 177.6, 92.4, 107.2,Large, lavender 
44, 171.3, 71.6, 108.4,Large, lavender 
45, 165.3, 67.6, 91.8,Small, red 
48, 151.6, 64.1, 103.2,Large, lavender 
41, 165.8, 66.6, 97.1,Medium, blue 
52, 161.7, 66.3, 102.2,Large, lavender 
45, 168.7, 76.3, 98.7,Medium, blue 
44, 160.3, 71.7, 103.6,Large, lavender 
33, 153.9, 64.3, 99.0,Medium, blue 
48, 160.3, 59.1, 96.5,Medium, blue 
19, 162.0, 52.9, 81.7,XX_Small, pink 
27, 161.7, 69.4, 99.3,Medium, blue 
39, 160.0, 69.9, 103.1,Large, lavender 
27, 157.2, 59.2, 87.7,X_Small, yellow 
49, 163.2, 54.0, 81.8,XX_Small, pink 
30, 169.0, 70.1, 94.5,Small, red 
23, 168.2, 68.1, 91.6,Small, red 
23, 165.7, 86.4, 105.0,Large, lavender 
23, 167.2, 67.2, 88.1,X_Small, yellow 
27, 162.1, 55.9, 91.2,Small, red 
41, 162.3, 56.6, 85.4,X_Small, yellow 
22, 163.3, 58.5, 88.7,X_Small, yellow 
26, 152.6, 62.8, 100.5,Medium, blue 
21, 157.0, 46.7, 82.5,XX_Small, pink 
21, 161.6, 59.9, 87.4,X_Small, yellow 
32, 169.0, 64.2, 97.2,Medium, blue 
27, 163.7, 81.3, 102.6,Large, lavender 
23, 171.8, 71.9, 97.9,Medium, blue 
24, 158.8, 54.8, 87.3,X_Small, yellow 
28, 152.0, 48.5, 84.4,X_Small, yellow 
35, 161.8, 65.8, 92.1,Small, red 
23, 163.1, 75.3, 100.0,Medium, blue 
37, 164.2, 63.6, 93.8,Small, red 
27, 171.9, 75.2, 95.2,Medium, blue 
20, 171.5, 75.5, 93.1,Small, red 
33, 165.3, 46.9, 81.4,XX_Small, pink 
35, 159.0, 53.7, 91.3,Small, red 
37, 175.1, 75.8, 95.0,Medium, blue 
43, 158.3, 67.9, 95.0,Medium, blue 
31, 162.7, 68.4, 91.5,Small, red 
28, 158.6, 67.7, 92.3,Small, red 
27, 167.5, 61.7, 90.9,Small, red 
48, 160.6, 71.7, 98.6,Medium, blue 
28, 168.0, 64.2, 87.0,X_Small, yellow 
21, 177.3, 74.0, 94.2,Small, red 
22, 168.0, 79.2, 110.5,Large, lavender 
22, 164.5, 58.1, 83.8,XX_Small, pink 
21, 155.8, 72.7, 108.6,Large, lavender 
37, 166.5, 70.4, 98.5,Medium, blue 
44, 160.1, 65.3, 96.0,Medium, blue 
26, 165.8, 72.5, 96.4,Medium, blue 
30, 162.3, 72.1, 101.5,Medium, blue 
34, 166.1, 56.1, 86.2,X_Small, yellow 
21, 156.3, 58.3, 86.1,X_Small, yellow 
28, 163.0, 67.7, 92.7,Small, red 
31, 152.8, 57.6, 90.6,Small, red 
27, 165.3, 55.9, 84.7,X_Small, yellow 
51, 151.2, 46.8, 84.1,X_Small, yellow 
22, 162.9, 56.7, 85.5,X_Small, yellow 
26, 167.5, 82.0, 107.2,Large, lavender 
24, 149.8, 66.4, 98.8,Medium, blue 
41, 153.8, 62.6, 98.4,Medium, blue 
22, 156.7, 65.3, 93.8,Small, red 
23, 159.0, 53.9, 86.6,X_Small, yellow 
21, 157.3, 75.0, 106.3,Large, lavender 
25, 159.5, 70.4, 94.9,Small, red 
24, 161.0, 67.5, 98.2,Medium, blue 
20, 156.5, 64.0, 93.5,Small, red 
25, 152.3, 47.0, 84.5,X_Small, yellow 
23, 157.0, 50.2, 83.6,XX_Small, pink 
23, 155.6, 59.7, 94.9,Small, red 
29, 159.9, 64.6, 95.4,Medium, blue 
23, 161.1, 72.6, 94.0,Small, red 
45, 168.1, 63.1, 91.5,Small, red 
23, 158.5, 63.1, 92.5,Small, red 
24, 161.4, 66.0, 103.2,Large, lavender 
22, 167.4, 78.9, 98.8,Medium, blue 
23, 165.3, 53.1, 83.8,XX_Small, pink 
27, 159.3, 70.8, 99.2,Medium, blue 
37, 159.2, 62.5, 96.9,Medium, blue 
31, 161.7, 68.0, 95.7,Medium, blue 
44, 158.9, 73.4, 109.3,Large, lavender 
28, 159.7, 68.8, 99.7,Medium, blue 
39, 169.8, 84.0, 109.0,Large, lavender 
28, 161.9, 64.7, 92.3,Small, red 
22, 166.3, 56.1, 84.4,X_Small, yellow 
44, 160.6, 73.5, 101.1,Medium, blue 
45, 160.9, 73.3, 99.7,Medium, blue 
26, 169.6, 60.5, 94.3,Small, red 
24, 172.3, 72.2, 93.4,Small, red 
50, 174.8, 90.8, 103.1,Large, lavender 
27, 169.5, 76.0, 98.5,Medium, blue 
49, 164.8, 60.6, 93.5,Small, red 
21, 157.9, 57.3, 87.2,X_Small, yellow 
24, 158.7, 60.2, 99.6,Medium, blue 
48, 160.4, 66.9, 99.4,Medium, blue 
40, 160.3, 82.9, 113.1,X_Large, green 
37, 171.2, 76.5, 96.6,Medium, blue 
37, 162.8, 67.1, 90.8,Small, red 
48, 152.0, 58.9, 98.5,Medium, blue 
23, 164.0, 61.5, 89.6,X_Small, yellow 
23, 161.6, 52.9, 86.4,X_Small, yellow 
32, 168.4, 84.7, 109.5,Large, lavender 
29, 164.9, 59.6, 89.0,X_Small, yellow 
37, 167.7, 66.6, 96.5,Medium, blue 
44, 165.3, 67.6, 95.8,Medium, blue 
44, 163.8, 65.8, 92.6,Small, red 
31, 164.6, 59.6, 87.8,X_Small, yellow 
26, 161.9, 73.5, 95.1,Medium, blue 
24, 153.0, 55.6, 85.8,X_Small, yellow 
24, 160.3, 56.1, 87.0,X_Small, yellow 
20, 168.0, 56.0, 87.5,X_Small, yellow 
31, 160.2, 87.1, 113.9,X_Large, green 
22, 144.7, 73.6, 106.4,Large, lavender 
21, 162.7, 61.3, 92.3,Small, red 
24, 159.4, 50.5, 86.1,X_Small, yellow 
25, 168.8, 82.3, 105.7,Large, lavender 
39, 154.7, 56.1, 89.6,X_Small, yellow 
28, 162.1, 75.4, 99.1,Medium, blue 
28, 162.5, 59.3, 90.4,Small, red 
49, 159.7, 69.5, 98.1,Medium, blue 
27, 160.2, 82.0, 104.6,Large, lavender 
32, 161.4, 58.3, 95.2,Medium, blue 
30, 174.3, 92.0, 106.7,Large, lavender 
23, 160.3, 84.1, 110.5,Large, lavender 
30, 157.6, 84.2, 119.6,X_Large, green 
22, 161.9, 66.0, 99.9,Medium, blue 
35, 175.4, 89.6, 105.2,Large, lavender 
31, 170.9, 84.2, 101.4,Medium, blue 
32, 178.9, 84.5, 104.8,Large, lavender 
40, 158.7, 59.6, 89.6,X_Small, yellow 
29, 168.7, 68.8, 94.3,Small, red 
26, 166.5, 69.0, 89.9,X_Small, yellow 
45, 157.3, 74.8, 99.6,Medium, blue 
21, 165.4, 69.9, 91.1,Small, red 
30, 158.2, 69.1, 100.5,Medium, blue 
39, 157.5, 56.6, 87.3,X_Small, yellow 
18, 160.0, 69.9, 97.6,Medium, blue 
24, 158.4, 46.8, 83.4,XX_Small, pink 
39, 153.5, 70.1, 98.6,Medium, blue 
37, 159.3, 83.2, 106.2,Large, lavender 
20, 158.3, 78.9, 100.4,Medium, blue 
29, 160.8, 59.2, 89.6,X_Small, yellow 
25, 166.3, 58.3, 86.1,X_Small, yellow 
27, 160.9, 74.6, 95.1,Medium, blue 
19, 151.3, 42.8, 77.2,XX_Small, pink 
22, 170.4, 85.3, 103.4,Large, lavender 
27, 170.8, 66.4, 89.9,X_Small, yellow 
21, 150.6, 57.7, 95.5,Medium, blue 
28, 158.3, 56.5, 86.7,X_Small, yellow 
42, 173.1, 71.4, 97.1,Medium, blue 
22, 166.9, 76.2, 96.6,Medium, blue 
21, 164.0, 55.6, 80.0,XX_Small, pink 
25, 161.3, 56.1, 81.2,XX_Small, pink 
29, 164.0, 64.1, 94.6,Small, red 
40, 158.1, 76.6, 100.8,Medium, blue 
36, 166.4, 70.2, 97.1,Medium, blue 
44, 156.2, 56.1, 91.8,Small, red 
27, 172.2, 81.2, 98.7,Medium, blue 
27, 156.4, 72.5, 96.9,Medium, blue 
29, 158.9, 68.6, 97.9,Medium, blue 
28, 178.9, 92.4, 101.7,Medium, blue 
26, 160.8, 66.2, 105.8,Large, lavender 
35, 159.5, 56.2, 88.7,X_Small, yellow 
41, 159.0, 56.4, 85.9,X_Small, yellow 
40, 157.5, 65.3, 98.0,Medium, blue 
52, 153.9, 67.9, 103.7,Large, lavender 
29, 165.4, 77.7, 98.4,Medium, blue 
25, 161.6, 63.2, 95.9,Medium, blue 
33, 164.6, 69.7, 98.8,Medium, blue 
47, 154.8, 68.1, 90.0,Small, red 
20, 161.7, 57.0, 82.7,XX_Small, pink 
23, 152.7, 74.2, 108.9,Large, lavender 
23, 165.3, 58.9, 89.5,X_Small, yellow 
37, 160.6, 75.0, 102.4,Large, lavender 
22, 170.0, 74.4, 94.8,Small, red 
27, 167.2, 81.5, 113.1,X_Large, green 
26, 172.8, 76.5, 98.8,Medium, blue 
22, 167.7, 82.7, 109.8,Large, lavender 
33, 179.0, 79.3, 103.3,Large, lavender 
29, 164.3, 73.5, 96.0,Medium, blue 
24, 158.4, 62.0, 95.5,Medium, blue 
34, 158.3, 65.9, 102.3,Large, lavender 
30, 164.0, 70.5, 100.0,Medium, blue 
22, 156.2, 49.3, 86.6,X_Small, yellow 
26, 165.0, 64.3, 88.1,X_Small, yellow 
23, 165.6, 65.4, 95.0,Medium, blue 
19, 162.4, 65.5, 102.0,Large, lavender 
36, 163.1, 85.6, 115.9,X_Large, green 
23, 171.5, 63.2, 86.6,X_Small, yellow 
24, 160.7, 64.8, 90.8,Small, red 
27, 160.0, 60.4, 88.3,X_Small, yellow 
27, 157.1, 70.2, 99.3,Medium, blue 
30, 160.3, 65.9, 92.0,Small, red 
27, 159.9, 77.1, 112.2,X_Large, green 
29, 160.2, 52.4, 82.9,XX_Small, pink 
21, 164.2, 68.5, 92.5,Small, red 
32, 171.5, 101.7, 109.6,Large, lavender 
39, 163.4, 48.7, 86.2,X_Small, yellow 
29, 165.7, 82.4, 105.9,Large, lavender 
46, 162.6, 72.4, 108.6,Large, lavender 
45, 153.6, 61.7, 96.8,Medium, blue 
32, 169.8, 69.6, 90.8,Small, red 
24, 165.2, 75.3, 95.6,Medium, blue 
29, 161.1, 78.5, 104.3,Large, lavender 
26, 176.4, 81.2, 100.3,Medium, blue 
22, 158.6, 48.5, 82.5,XX_Small, pink 
24, 159.2, 59.5, 89.9,X_Small, yellow 
25, 178.2, 74.0, 95.8,Medium, blue 
32, 170.8, 79.9, 102.8,Large, lavender 
26, 165.0, 64.5, 95.7,Medium, blue 
29, 161.2, 72.5, 100.7,Medium, blue 
27, 166.0, 60.0, 84.2,X_Small, yellow 
21, 162.9, 63.0, 88.4,X_Small, yellow 
19, 163.0, 76.2, 99.2,Medium, blue 
20, 174.3, 69.6, 91.3,Small, red 
34, 168.8, 81.8, 115.2,X_Large, green 
33, 158.0, 50.8, 83.6,XX_Small, pink 
20, 161.0, 66.5, 95.7,Medium, blue 
19, 155.6, 40.0, 75.7,XX_Small, pink 
28, 158.5, 73.6, 98.5,Medium, blue 
27, 168.5, 77.0, 103.6,Large, lavender 
23, 159.2, 63.0, 94.3,Small, red 
23, 169.8, 76.1, 96.0,Medium, blue 
26, 164.8, 69.0, 87.5,X_Small, yellow 
21, 157.5, 57.3, 87.9,X_Small, yellow 
24, 160.2, 61.7, 93.5,Small, red 
19, 166.9, 66.3, 88.6,X_Small, yellow 
27, 163.7, 85.0, 101.8,Medium, blue 
21, 169.0, 60.1, 92.9,Small, red 
24, 166.4, 65.5, 93.5,Small, red 
30, 171.0, 71.6, 93.2,Small, red 
26, 159.6, 61.1, 90.6,Small, red 
30, 165.6, 100.0, 115.0,X_Large, green 
39, 158.6, 79.1, 99.1,Medium, blue 
33, 165.3, 67.6, 100.0,Medium, blue 
29, 166.1, 74.0, 104.5,Large, lavender 
25, 149.5, 50.1, 86.2,X_Small, yellow 
34, 163.3, 58.7, 90.0,Small, red 
30, 165.2, 69.6, 97.6,Medium, blue 
33, 159.6, 59.9, 89.9,X_Small, yellow 
26, 171.5, 80.9, 100.3,Medium, blue 
19, 172.4, 78.8, 99.5,Medium, blue 
26, 174.1, 79.7, 95.5,Medium, blue 
23, 170.7, 74.6, 91.0,Small, red 
21, 168.4, 74.0, 94.5,Small, red 
21, 158.6, 56.9, 89.2,X_Small, yellow 
26, 161.1, 82.9, 106.6,Large, lavender 
43, 165.8, 77.0, 104.0,Large, lavender 
31, 167.3, 75.1, 98.0,Medium, blue 
35, 177.0, 88.9, 110.0,Large, lavender 
46, 157.4, 66.1, 87.2,X_Small, yellow 
52, 171.5, 84.2, 105.9,Large, lavender 
28, 152.5, 55.8, 85.2,X_Small, yellow 
24, 165.0, 98.3, 114.2,X_Large, green 
35, 153.7, 53.5, 87.0,X_Small, yellow 
40, 156.8, 58.1, 88.0,X_Small, yellow 
22, 156.9, 68.4, 89.2,X_Small, yellow 
34, 171.1, 72.5, 95.7,Medium, blue 
23, 163.9, 75.7, 107.0,Large, lavender 
38, 163.8, 73.3, 96.2,Medium, blue 
25, 175.6, 70.4, 93.0,Small, red 
32, 161.8, 59.0, 89.5,X_Small, yellow 
33, 174.5, 83.5, 105.0,Large, lavender 
30, 156.9, 63.5, 92.5,Small, red 
37, 166.8, 54.6, 89.5,X_Small, yellow 
23, 161.9, 61.0, 89.5,X_Small, yellow 
23, 165.7, 82.0, 110.1,Large, lavender 
25, 162.8, 68.5, 91.0,Small, red 
21, 166.0, 57.4, 90.3,Small, red 
20, 168.3, 61.6, 87.8,X_Small, yellow 
22, 167.2, 67.8, 84.6,X_Small, yellow 
19, 162.3, 55.8, 83.6,XX_Small, pink 
24, 167.2, 58.8, 87.0,X_Small, yellow 
24, 161.9, 59.1, 86.9,X_Small, yellow 
26, 155.8, 51.1, 79.4,XX_Small, pink 
22, 164.9, 59.1, 84.5,X_Small, yellow 
23, 173.0, 67.1, 88.0,X_Small, yellow 
19, 152.7, 52.2, 84.3,X_Small, yellow 
29, 167.0, 56.5, 83.8,XX_Small, pink 
24, 158.3, 77.4, 107.7,Large, lavender 
26, 164.3, 73.0, 96.3,Medium, blue 
24, 171.7, 66.9, 101.2,Medium, blue 
28, 162.3, 71.8, 100.0,Medium, blue 
23, 163.0, 59.4, 86.0,X_Small, yellow 
25, 171.0, 68.0, 92.5,Small, red 
24, 173.0, 77.9, 100.2,Medium, blue 
26, 172.5, 69.5, 96.0,Medium, blue 
26, 168.0, 75.5, 95.7,Medium, blue 
31, 168.2, 64.5, 92.2,Small, red 
26, 168.0, 84.3, 115.7,X_Large, green 
24, 182.9, 68.8, 91.5,Small, red 
22, 167.5, 64.3, 88.5,X_Small, yellow 
23, 172.7, 68.9, 104.0,Large, lavender 
45, 161.5, 65.1, 100.3,Medium, blue 
26, 149.7, 46.0, 83.7,XX_Small, pink 
28, 161.3, 61.0, 87.1,X_Small, yellow 
36, 177.1, 92.5, 111.5,Large, lavender 
25, 158.8, 66.6, 92.4,Small, red 
32, 173.6, 82.1, 99.7,Medium, blue 
24, 166.4, 59.1, 87.0,X_Small, yellow 
25, 158.4, 72.2, 102.5,Large, lavender 
28, 171.2, 77.0, 100.6,Medium, blue 
29, 165.8, 61.7, 87.6,X_Small, yellow 
36, 164.6, 68.5, 93.3,Small, red 
44, 172.3, 68.9, 96.6,Medium, blue 
33, 157.8, 58.7, 90.0,Small, red 
28, 167.1, 74.2, 104.0,Large, lavender 
45, 158.0, 82.0, 104.5,Large, lavender 
37, 158.4, 55.7, 92.5,Small, red 
38, 167.0, 64.8, 97.5,Medium, blue 
24, 158.5, 56.6, 91.0,Small, red 
22, 163.8, 58.4, 95.2,Medium, blue 
40, 158.9, 59.9, 90.7,Small, red 
38, 165.9, 78.5, 108.9,Large, lavender 
25, 155.0, 65.4, 94.3,Small, red 
48, 173.0, 83.8, 104.7,Large, lavender 
40, 150.0, 64.4, 102.7,Large, lavender 
32, 161.5, 80.9, 103.8,Large, lavender 
39, 164.5, 67.7, 90.6,Small, red 
29, 172.7, 84.7, 109.5,Large, lavender 
30, 166.7, 78.1, 103.2,Large, lavender 
28, 151.9, 55.2, 98.1,Medium, blue 
42, 170.0, 83.2, 111.3,Large, lavender 
28, 162.8, 69.4, 86.0,X_Small, yellow 
28, 160.0, 78.6, 106.8,Large, lavender 
28, 174.7, 85.1, 102.5,Large, lavender 
41, 158.3, 67.8, 92.5,Small, red 
35, 166.2, 64.5, 92.7,Small, red 
26, 169.7, 61.8, 87.3,X_Small, yellow 
26, 173.2, 84.3, 94.8,Small, red 
27, 164.7, 79.3, 98.2,Medium, blue 
26, 158.9, 72.7, 102.9,Large, lavender 
26, 154.5, 64.5, 96.5,Medium, blue 
41, 165.9, 75.5, 102.8,Large, lavender 
34, 152.2, 55.5, 89.1,X_Small, yellow 
35, 165.1, 77.9, 99.7,Medium, blue 
31, 176.7, 76.3, 101.6,Medium, blue 
27, 160.8, 78.5, 100.8,Medium, blue 
37, 160.5, 71.7, 99.7,Medium, blue 
27, 173.4, 67.4, 90.2,Small, red 
37, 166.1, 73.0, 97.2,Medium, blue 
53, 158.9, 75.4, 96.0,Medium, blue 
27, 174.1, 77.6, 91.2,Small, red 
27, 167.0, 81.0, 107.9,Large, lavender 
27, 168.0, 66.7, 86.5,X_Small, yellow 
26, 173.6, 79.1, 95.7,Medium, blue 
28, 168.2, 76.3, 99.0,Medium, blue 
29, 171.4, 65.0, 93.6,Small, red 
44, 154.6, 51.3, 85.6,X_Small, yellow 
27, 163.4, 59.1, 91.7,Small, red 
29, 156.8, 65.8, 93.0,Small, red 
31, 153.6, 50.4, 87.6,X_Small, yellow 
30, 158.4, 68.5, 96.2,Medium, blue 
37, 164.6, 62.9, 88.2,X_Small, yellow 
31, 166.4, 56.8, 89.1,X_Small, yellow 
26, 165.8, 66.1, 90.2,Small, red 
35, 173.8, 68.3, 91.0,Small, red 
26, 174.5, 79.1, 92.3,Small, red 
33, 159.5, 90.7, 107.2,Large, lavender 
35, 162.5, 78.3, 98.7,Medium, blue 
34, 162.3, 70.9, 96.7,Medium, blue 
26, 151.8, 50.9, 84.1,X_Small, yellow 
31, 152.5, 62.3, 100.8,Medium, blue 
24, 155.7, 66.4, 91.9,Small, red 
41, 173.0, 92.1, 109.3,Large, lavender 
35, 160.1, 67.1, 98.3,Medium, blue 
45, 159.7, 54.7, 83.9,XX_Small, pink 
27, 174.3, 78.4, 102.7,Large, lavender 
26, 168.3, 59.0, 92.5,Small, red 
32, 175.2, 76.3, 101.5,Medium, blue 
33, 161.8, 70.9, 96.7,Medium, blue 
26, 162.0, 70.3, 101.8,Medium, blue 
29, 164.9, 58.1, 86.2,X_Small, yellow 
35, 170.9, 59.3, 84.6,X_Small, yellow 
40, 158.7, 75.3, 104.4,Large, lavender 
34, 163.2, 66.2, 91.7,Small, red 
40, 152.7, 68.3, 105.7,Large, lavender 
32, 166.0, 75.8, 103.4,Large, lavender 
23, 163.2, 61.3, 86.4,X_Small, yellow 
30, 174.2, 73.0, 94.2,Small, red 
30, 170.9, 70.0, 88.5,X_Small, yellow 
35, 161.9, 75.1, 104.8,Large, lavender 
38, 167.5, 73.8, 99.6,Medium, blue 
41, 163.4, 64.2, 98.8,Medium, blue 
25, 167.9, 59.5, 89.2,X_Small, yellow 
22, 161.4, 56.9, 84.8,X_Small, yellow 
25, 168.4, 59.6, 86.1,X_Small, yellow 
39, 159.7, 63.1, 93.7,Small, red 
25, 161.0, 58.9, 85.5,X_Small, yellow 
33, 168.8, 74.6, 94.3,Small, red 
31, 172.5, 86.4, 99.7,Medium, blue 
31, 160.9, 60.8, 93.6,Small, red 
27, 158.5, 50.4, 81.0,XX_Small, pink 
25, 156.2, 54.9, 88.7,X_Small, yellow 
38, 154.7, 53.0, 89.7,X_Small, yellow 
20, 161.1, 69.2, 96.1,Medium, blue 
42, 174.0, 71.3, 100.4,Medium, blue 
31, 155.5, 70.5, 97.2,Medium, blue 
33, 165.0, 69.9, 97.1,Medium, blue 
26, 158.3, 65.9, 91.3,Small, red 
20, 164.7, 63.2, 85.8,X_Small, yellow 
20, 153.2, 69.6, 94.6,Small, red 
23, 161.9, 59.3, 92.0,Small, red 
25, 170.4, 69.5, 90.2,Small, red 
25, 168.9, 79.7, 97.0,Medium, blue 
25, 165.7, 61.9, 91.1,Small, red 
23, 164.7, 67.7, 92.6,Small, red 
29, 167.0, 54.4, 89.2,X_Small, yellow 
38, 149.6, 64.6, 97.1,Medium, blue 
32, 171.7, 88.2, 111.7,Large, lavender 
26, 153.1, 63.4, 94.3,Small, red 
28, 166.6, 76.5, 98.1,Medium, blue 
28, 157.4, 65.4, 89.2,X_Small, yellow 
31, 166.3, 83.7, 100.0,Medium, blue 
26, 161.7, 65.2, 97.5,Medium, blue 
36, 158.5, 62.4, 100.5,Medium, blue 
35, 164.7, 99.4, 119.5,X_Large, green 
19, 164.3, 74.8, 101.6,Medium, blue 
24, 167.7, 64.9, 90.1,Small, red 
22, 167.0, 54.2, 88.9,X_Small, yellow 
21, 165.1, 81.4, 98.3,Medium, blue 
20, 152.5, 56.3, 88.3,X_Small, yellow 
29, 171.5, 96.7, 115.2,X_Large, green 
31, 160.2, 83.7, 114.8,X_Large, green 
24, 157.0, 50.2, 85.5,X_Small, yellow 
23, 166.2, 65.7, 90.1,Small, red 
21, 156.1, 70.7, 98.3,Medium, blue 
22, 154.3, 66.9, 96.8,Medium, blue 
21, 156.2, 59.7, 92.3,Small, red 
21, 162.7, 72.0, 89.7,X_Small, yellow 
19, 167.8, 75.0, 94.0,Small, red 
28, 160.8, 67.3, 99.0,Medium, blue 
26, 167.2, 78.4, 90.6,Small, red 
39, 166.1, 51.6, 76.9,XX_Small, pink 
24, 157.4, 63.0, 101.0,Medium, blue 
38, 167.0, 79.3, 104.6,Large, lavender 
45, 158.5, 56.4, 89.5,X_Small, yellow 
23, 157.4, 68.7, 99.7,Medium, blue 
38, 161.7, 59.0, 84.6,X_Small, yellow 
24, 159.2, 60.3, 90.4,Small, red 
41, 170.5, 69.9, 99.1,Medium, blue 
30, 162.0, 57.3, 87.8,X_Small, yellow 
31, 157.9, 65.4, 95.7,Medium, blue 
33, 166.1, 60.3, 87.6,X_Small, yellow 
34, 159.5, 77.1, 95.5,Medium, blue 
31, 164.6, 76.7, 106.2,Large, lavender 
33, 152.2, 66.7, 93.2,Small, red 
28, 176.0, 78.3, 92.8,Small, red 
27, 150.5, 51.8, 85.0,X_Small, yellow 
27, 170.8, 66.3, 83.8,XX_Small, pink 
26, 165.9, 65.5, 93.8,Small, red 
33, 161.3, 69.0, 100.4,Medium, blue 
24, 166.6, 68.0, 90.5,Small, red 
24, 156.5, 60.9, 91.8,Small, red 
28, 157.8, 64.6, 85.9,X_Small, yellow 
20, 148.0, 54.0, 88.0,X_Small, yellow 
29, 163.6, 53.0, 82.9,XX_Small, pink 
24, 160.8, 78.9, 94.5,Small, red 
23, 155.2, 43.1, 82.5,XX_Small, pink 
21, 155.9, 74.6, 98.5,Medium, blue 
38, 159.5, 71.2, 99.8,Medium, blue 
19, 167.4, 72.7, 101.6,Medium, blue 
18, 166.1, 61.3, 84.5,X_Small, yellow 
35, 155.0, 57.4, 87.8,X_Small, yellow 
25, 159.7, 65.5, 90.2,Small, red 
18, 154.3, 57.7, 88.4,X_Small, yellow 
21, 163.6, 58.5, 83.7,XX_Small, pink 
21, 156.3, 62.7, 92.3,Small, red 
31, 150.6, 53.5, 90.5,Small, red 
20, 168.9, 65.2, 85.1,X_Small, yellow 
35, 160.0, 70.2, 99.2,Medium, blue 
26, 182.7, 93.1, 102.1,Large, lavender 
19, 159.4, 53.2, 82.4,XX_Small, pink 
22, 176.8, 73.5, 97.4,Medium, blue 
25, 165.8, 55.7, 78.3,XX_Small, pink 
25, 162.9, 65.5, 94.5,Small, red 
28, 167.2, 69.1, 97.5,Medium, blue 
21, 178.3, 96.5, 101.3,Medium, blue 
19, 157.1, 70.2, 97.0,Medium, blue 
19, 152.5, 52.3, 83.8,XX_Small, pink 
41, 159.5, 66.0, 92.3,Small, red 
20, 170.8, 81.4, 100.9,Medium, blue 
33, 181.8, 95.2, 102.9,Large, lavender 
20, 168.8, 65.8, 83.2,XX_Small, pink 
23, 156.8, 50.3, 78.2,XX_Small, pink 
27, 155.5, 54.7, 88.5,X_Small, yellow 
26, 164.5, 68.8, 98.8,Medium, blue 
36, 163.1, 60.4, 83.3,XX_Small, pink 
56, 156.3, 66.9, 91.9,Small, red 
29, 156.6, 59.9, 92.6,Small, red 
28, 158.5, 61.6, 87.0,X_Small, yellow 
33, 151.8, 54.8, 87.2,X_Small, yellow 
22, 159.0, 60.4, 83.8,XX_Small, pink 
31, 146.2, 51.9, 84.5,X_Small, yellow 
22, 159.9, 64.0, 93.0,Small, red 
25, 166.5, 66.9, 84.5,X_Small, yellow 
28, 171.2, 79.1, 100.7,Medium, blue 
18, 163.4, 59.8, 90.8,Small, red 
27, 162.8, 73.6, 97.5,Medium, blue 
44, 162.5, 82.5, 108.0,Large, lavender 
32, 171.8, 75.6, 99.6,Medium, blue 
25, 160.4, 59.5, 77.3,XX_Small, pink 
22, 174.8, 86.3, 99.6,Medium, blue 
21, 165.0, 68.6, 93.5,Small, red 
21, 167.9, 76.3, 96.5,Medium, blue 
21, 163.5, 72.5, 99.5,Medium, blue 
34, 167.3, 63.9, 86.2,X_Small, yellow 
25, 164.3, 55.9, 85.6,X_Small, yellow 
42, 169.1, 76.4, 96.4,Medium, blue 
39, 167.2, 69.9, 96.9,Medium, blue 
19, 163.8, 63.0, 83.9,XX_Small, pink 
18, 167.6, 60.6, 80.3,XX_Small, pink 
21, 165.5, 68.0, 91.8,Small, red 
31, 167.5, 65.4, 91.4,Small, red 
20, 150.8, 53.8, 82.0,XX_Small, pink 
36, 167.9, 73.1, 100.6,Medium, blue 
22, 169.2, 76.6, 97.0,Medium, blue 
31, 163.1, 57.7, 88.2,X_Small, yellow 
20, 153.3, 59.8, 90.9,Small, red 
25, 156.3, 68.6, 99.6,Medium, blue 
25, 165.5, 70.8, 90.8,Small, red 
38, 149.6, 48.8, 78.6,XX_Small, pink 
23, 177.7, 76.6, 93.5,Small, red 
24, 154.6, 58.3, 89.7,X_Small, yellow 
21, 168.5, 68.5, 90.6,Small, red 
20, 160.8, 58.5, 85.0,X_Small, yellow 
19, 163.2, 71.9, 92.9,Small, red 
27, 169.0, 64.9, 89.2,X_Small, yellow 
18, 165.5, 58.3, 79.8,XX_Small, pink 
19, 157.4, 64.8, 93.3,Small, red 
18, 165.9, 56.4, 84.1,X_Small, yellow 
25, 154.1, 47.8, 81.2,XX_Small, pink 
41, 167.5, 59.1, 84.3,X_Small, yellow 
19, 165.2, 66.5, 93.6,Small, red 
24, 159.3, 64.9, 94.5,Small, red 
21, 156.5, 51.2, 78.4,XX_Small, pink 
42, 153.0, 49.6, 80.4,XX_Small, pink 
25, 160.0, 74.4, 93.2,Small, red 
26, 161.5, 68.0, 92.7,Small, red 
21, 155.7, 50.6, 78.3,XX_Small, pink 
19, 167.9, 59.1, 84.6,X_Small, yellow 
26, 166.2, 71.2, 90.9,Small, red 
31, 169.6, 84.4, 112.1,X_Large, green 
36, 165.7, 54.7, 89.2,X_Small, yellow 
23, 149.5, 48.7, 81.4,XX_Small, pink 
23, 164.4, 61.2, 93.9,Small, red 
29, 165.2, 72.2, 93.3,Small, red 
22, 156.6, 56.7, 89.4,X_Small, yellow 
28, 165.3, 68.8, 95.7,Medium, blue 
28, 160.4, 54.2, 78.7,XX_Small, pink 
23, 159.4, 61.1, 85.3,X_Small, yellow 
29, 162.7, 67.2, 98.9,Medium, blue 
24, 172.9, 74.9, 92.7,Small, red 
41, 160.2, 58.5, 88.3,X_Small, yellow 
23, 161.5, 60.5, 93.0,Small, red 
20, 164.5, 60.1, 86.2,X_Small, yellow 
26, 162.3, 62.1, 87.7,X_Small, yellow 
20, 159.5, 60.9, 83.0,XX_Small, pink 
22, 148.0, 47.0, 79.8,XX_Small, pink 
32, 169.6, 78.6, 95.5,Medium, blue 
41, 168.0, 72.5, 95.8,Medium, blue 
23, 159.0, 51.6, 78.7,XX_Small, pink 
28, 152.9, 50.1, 80.2,XX_Small, pink 
38, 155.1, 62.6, 91.7,Small, red 
32, 170.9, 78.7, 94.2,Small, red 
31, 158.9, 57.2, 94.7,Small, red 
26, 161.6, 67.0, 90.2,Small, red 
40, 164.3, 53.5, 82.5,XX_Small, pink 
21, 158.7, 63.8, 84.4,X_Small, yellow 
20, 169.1, 75.2, 88.8,X_Small, yellow 
18, 155.8, 51.9, 82.4,XX_Small, pink 
19, 161.1, 60.2, 84.3,X_Small, yellow 
32, 172.4, 70.1, 91.5,Small, red 
28, 162.3, 78.2, 95.8,Medium, blue 
20, 168.6, 61.1, 88.0,X_Small, yellow 
42, 158.7, 63.1, 101.1,Medium, blue 
21, 154.6, 54.0, 80.3,XX_Small, pink 
20, 168.2, 61.9, 91.4,Small, red 
18, 151.9, 57.7, 84.8,X_Small, yellow 
19, 163.1, 67.3, 86.7,X_Small, yellow 
19, 152.5, 60.8, 90.9,Small, red 
42, 165.7, 90.5, 111.0,Large, lavender 
44, 165.3, 68.2, 97.5,Medium, blue 
36, 144.7, 68.3, 101.8,Medium, blue 
43, 161.5, 77.8, 106.8,Large, lavender 
36, 173.2, 64.8, 95.8,Medium, blue 
41, 173.3, 108.2, 121.2,X_Large, green 
38, 176.0, 87.5, 100.4,Medium, blue 
46, 166.9, 78.8, 105.2,Large, lavender 
50, 160.2, 84.4, 107.3,Large, lavender 
37, 161.1, 66.7, 91.0,Small, red 
40, 160.7, 74.9, 105.7,Large, lavender 
45, 158.2, 82.7, 104.3,Large, lavender 
34, 163.6, 69.5, 90.2,Small, red 
22, 170.2, 69.7, 90.9,Small, red 
23, 159.1, 52.8, 78.3,XX_Small, pink 
41, 172.4, 78.5, 103.6,Large, lavender 
38, 165.7, 66.9, 96.5,Medium, blue 
42, 159.1, 55.6, 83.0,XX_Small, pink 
53, 163.0, 84.0, 107.7,Large, lavender 
33, 173.0, 83.1, 94.5,Small, red 
38, 169.5, 73.5, 94.3,Small, red 
26, 159.8, 76.3, 94.8,Small, red 
31, 160.6, 63.7, 95.3,Medium, blue 
41, 164.4, 70.0, 97.5,Medium, blue 
40, 157.5, 62.6, 92.3,Small, red 
41, 164.2, 60.7, 88.1,X_Small, yellow 
45, 161.5, 70.5, 98.6,Medium, blue 
51, 157.0, 68.9, 98.8,Medium, blue 
19, 160.7, 63.3, 89.6,X_Small, yellow 
19, 162.6, 56.4, 82.3,XX_Small, pink 
20, 172.9, 72.9, 93.5,Small, red 
19, 150.1, 61.8, 93.2,Small, red 
24, 165.7, 61.8, 88.3,X_Small, yellow 
19, 161.4, 54.6, 81.3,XX_Small, pink 
20, 166.0, 68.6, 95.4,Medium, blue 
22, 167.5, 64.1, 88.4,X_Small, yellow 
20, 163.8, 63.5, 86.5,X_Small, yellow 
19, 158.4, 63.4, 86.9,X_Small, yellow 
19, 168.0, 68.4, 92.7,Small, red 
19, 166.7, 68.0, 89.6,X_Small, yellow 
19, 175.8, 75.1, 94.6,Small, red 
21, 168.8, 85.1, 95.0,Medium, blue 
27, 163.6, 58.2, 89.5,X_Small, yellow 
19, 160.7, 70.9, 91.0,Small, red 
23, 159.4, 66.4, 87.6,X_Small, yellow 
22, 169.4, 75.7, 96.2,Medium, blue 
20, 160.6, 63.2, 91.0,Small, red 
20, 168.7, 67.4, 86.3,X_Small, yellow 
19, 157.4, 60.2, 89.6,X_Small, yellow 
23, 160.3, 61.6, 89.8,X_Small, yellow 
22, 155.9, 58.4, 92.1,Small, red 
21, 165.9, 71.7, 91.4,Small, red 
20, 161.4, 60.6, 92.0,Small, red 
22, 163.0, 64.8, 86.9,X_Small, yellow 
20, 143.5, 47.8, 86.0,X_Small, yellow 
21, 167.2, 75.1, 95.1,Medium, blue 
21, 170.8, 73.9, 93.6,Small, red 
23, 167.6, 68.6, 101.7,Medium, blue 
27, 160.9, 62.0, 84.4,X_Small, yellow 
21, 159.0, 74.0, 100.0,Medium, blue 
18, 162.9, 59.8, 83.2,XX_Small, pink 
25, 159.8, 64.5, 88.8,X_Small, yellow 
19, 156.0, 56.3, 89.5,X_Small, yellow 
38, 168.8, 68.6, 91.9,Small, red 
21, 174.5, 69.6, 90.6,Small, red 
28, 167.3, 63.1, 86.5,X_Small, yellow 
27, 166.2, 72.9, 95.0,Medium, blue 
20, 157.6, 54.8, 90.6,Small, red 
28, 172.0, 65.0, 90.8,Small, red 
19, 170.1, 70.0, 90.6,Small, red 
21, 162.0, 58.0, 81.5,XX_Small, pink 
18, 167.0, 73.8, 95.2,Medium, blue 
18, 163.0, 47.8, 77.5,XX_Small, pink 
20, 163.6, 58.3, 81.5,XX_Small, pink 
22, 171.4, 84.9, 95.6,Medium, blue 
20, 170.2, 73.2, 92.7,Small, red 
18, 159.0, 60.9, 85.5,X_Small, yellow 
20, 164.3, 65.4, 90.0,Small, red 
33, 176.9, 83.2, 94.6,Small, red 
18, 154.9, 59.1, 88.2,X_Small, yellow 
18, 153.3, 69.5, 97.3,Medium, blue 
19, 159.2, 60.9, 84.8,X_Small, yellow 
21, 160.9, 65.0, 90.3,Small, red 
18, 156.9, 55.0, 81.5,XX_Small, pink 
37, 158.6, 65.9, 88.3,X_Small, yellow 
42, 157.4, 70.1, 90.2,Small, red 
21, 161.7, 68.9, 93.0,Small, red 
20, 158.9, 60.7, 86.6,X_Small, yellow 
23, 167.9, 73.6, 93.1,Small, red 
21, 170.0, 56.4, 82.6,XX_Small, pink 
20, 162.3, 56.6, 84.7,X_Small, yellow 
22, 167.7, 68.1, 85.7,X_Small, yellow 
19, 159.8, 66.0, 92.0,Small, red 
23, 162.5, 53.6, 78.4,XX_Small, pink 
19, 168.5, 64.7, 84.0,X_Small, yellow 
33, 168.5, 77.6, 102.5,Large, lavender 
27, 162.3, 56.3, 79.4,XX_Small, pink 
20, 167.4, 67.5, 94.5,Small, red 
21, 165.3, 60.4, 89.0,X_Small, yellow 
21, 158.7, 54.2, 95.7,Medium, blue 
31, 159.5, 66.4, 100.8,Medium, blue 
22, 156.3, 74.4, 99.8,Medium, blue 
28, 167.4, 62.1, 90.9,Small, red 
29, 143.9, 58.5, 98.2,Medium, blue 
30, 171.8, 81.0, 101.8,Medium, blue 
24, 158.9, 51.1, 79.6,XX_Small, pink 
39, 164.5, 71.7, 111.2,Large, lavender 
21, 167.7, 60.7, 91.3,Small, red 
20, 155.2, 59.1, 88.4,X_Small, yellow 
25, 152.3, 63.6, 107.3,Large, lavender 
36, 161.2, 71.5, 101.2,Medium, blue 
43, 164.2, 57.4, 91.7,Small, red 
25, 173.2, 71.6, 97.9,Medium, blue 
23, 160.0, 54.0, 87.7,X_Small, yellow 
27, 140.9, 42.6, 82.4,XX_Small, pink 
28, 162.0, 58.5, 88.9,X_Small, yellow 
22, 174.6, 82.8, 96.0,Medium, blue 
22, 168.8, 74.0, 98.3,Medium, blue 
19, 160.6, 76.5, 97.6,Medium, blue 
26, 165.8, 85.2, 102.9,Large, lavender 
27, 159.0, 67.1, 91.5,Small, red 
24, 178.1, 76.0, 92.2,Small, red 
26, 169.0, 69.5, 99.2,Medium, blue 
25, 165.4, 75.4, 101.5,Medium, blue 
22, 158.3, 66.3, 94.5,Small, red 
42, 152.3, 48.0, 84.3,X_Small, yellow 
24, 168.5, 83.0, 109.6,Large, lavender 
25, 167.2, 75.6, 97.4,Medium, blue 
45, 164.1, 78.4, 103.2,Large, lavender 
30, 164.4, 59.4, 88.2,X_Small, yellow 
41, 159.7, 76.6, 101.3,Medium, blue 
38, 173.2, 67.8, 89.9,X_Small, yellow 
33, 152.9, 51.7, 84.7,X_Small, yellow 
44, 162.0, 66.2, 95.3,Medium, blue 
40, 164.3, 66.5, 99.3,Medium, blue 
28, 155.6, 61.3, 89.7,X_Small, yellow 
45, 163.0, 72.9, 101.5,Medium, blue 
36, 161.4, 70.1, 92.4,Small, red 
22, 146.4, 42.6, 73.7,XX_Small, pink 
32, 174.9, 72.9, 96.2,Medium, blue 
42, 161.8, 76.1, 99.8,Medium, blue 
39, 163.1, 71.9, 93.7,Small, red 
25, 170.4, 79.4, 100.4,Medium, blue 
48, 166.9, 70.5, 92.4,Small, red 
41, 158.6, 72.7, 102.3,Large, lavender 
26, 160.2, 60.9, 88.7,X_Small, yellow 
31, 162.0, 80.0, 95.0,Medium, blue 
22, 157.5, 62.5, 91.7,Small, red 
29, 151.3, 76.8, 105.2,Large, lavender 
24, 157.3, 57.8, 86.8,X_Small, yellow 
29, 164.9, 63.9, 86.1,X_Small, yellow 
36, 165.7, 74.9, 98.0,Medium, blue 
31, 153.8, 65.0, 94.5,Small, red 
41, 168.4, 63.3, 85.7,X_Small, yellow 
23, 155.0, 52.6, 88.5,X_Small, yellow 
42, 163.0, 76.6, 99.4,Medium, blue 
35, 169.3, 93.4, 120.2,X_Large, green 
30, 155.7, 66.7, 98.2,Medium, blue 
24, 162.7, 62.2, 88.2,X_Small, yellow 
34, 166.6, 94.2, 120.8,X_Large, green 
26, 159.9, 64.1, 93.0,Small, red 
30, 154.7, 69.2, 98.5,Medium, blue 
33, 163.6, 64.6, 92.2,Small, red 
43, 154.7, 52.5, 88.9,X_Small, yellow 
32, 162.9, 49.0, 79.2,XX_Small, pink 
31, 156.0, 74.9, 99.7,Medium, blue 
26, 175.1, 85.2, 105.1,Large, lavender 
36, 162.5, 77.2, 90.8,Small, red 
31, 157.3, 64.3, 96.4,Medium, blue 
29, 159.9, 72.2, 98.0,Medium, blue 
31, 154.7, 69.3, 97.2,Medium, blue 
25, 173.5, 73.7, 92.1,Small, red 
24, 167.0, 72.5, 100.3,Medium, blue 
22, 167.8, 81.6, 103.5,Large, lavender 
31, 160.4, 57.0, 86.3,X_Small, yellow 
38, 163.1, 66.0, 93.9,Small, red 
40, 168.4, 80.4, 98.0,Medium, blue 
38, 171.5, 85.2, 103.0,Large, lavender 
44, 163.5, 66.2, 103.5,Large, lavender 
29, 166.6, 70.6, 93.3,Small, red 
23, 170.5, 57.7, 86.0,X_Small, yellow 
26, 162.9, 52.6, 87.3,X_Small, yellow 
24, 171.8, 80.8, 97.6,Medium, blue 
33, 162.6, 83.4, 100.3,Medium, blue 
24, 161.6, 75.0, 95.1,Medium, blue 
38, 160.2, 61.9, 92.4,Small, red 
41, 166.7, 67.5, 96.6,Medium, blue 
41, 164.5, 70.2, 102.2,Large, lavender 
26, 167.0, 65.9, 94.7,Small, red 
42, 162.1, 71.2, 94.1,Small, red 
40, 172.1, 102.8, 106.6,Large, lavender 
54, 160.6, 75.9, 109.1,Large, lavender 
23, 156.7, 65.9, 95.3,Medium, blue 
28, 172.0, 64.4, 90.4,Small, red 
38, 163.9, 68.9, 90.0,Small, red 
42, 173.0, 86.3, 101.3,Medium, blue 
37, 168.2, 94.9, 114.7,X_Large, green 
51, 172.0, 63.0, 87.4,X_Small, yellow 
44, 178.3, 106.9, 121.4,X_Large, green 
22, 164.1, 63.9, 89.3,X_Small, yellow 
40, 156.8, 68.3, 90.2,Small, red 
21, 164.0, 63.0, 94.0,Small, red 
24, 155.6, 71.8, 98.9,Medium, blue 
22, 164.7, 87.4, 103.3,Large, lavender 
25, 163.0, 75.2, 99.5,Medium, blue 
45, 158.7, 85.2, 115.4,X_Large, green 
32, 162.7, 82.7, 117.2,X_Large, green 
27, 163.8, 55.9, 87.0,X_Small, yellow 
22, 164.4, 82.1, 111.0,Large, lavender 
33, 160.3, 66.3, 98.2,Medium, blue 
20, 171.3, 63.8, 89.7,X_Small, yellow 
33, 172.1, 79.9, 96.6,Medium, blue 
24, 157.3, 58.9, 83.8,XX_Small, pink 
22, 161.9, 76.1, 99.6,Medium, blue 
44, 152.4, 67.2, 100.6,Medium, blue 
41, 160.5, 54.1, 88.2,X_Small, yellow 
22, 161.7, 69.7, 103.5,Large, lavender 
41, 160.1, 61.6, 89.5,X_Small, yellow 
23, 170.3, 85.2, 105.3,Large, lavender 
33, 157.4, 58.2, 88.2,X_Small, yellow 
42, 159.6, 74.2, 103.6,Large, lavender 
20, 160.2, 60.9, 87.6,X_Small, yellow 
46, 159.9, 69.0, 96.4,Medium, blue 
23, 163.2, 67.5, 93.5,Small, red 
38, 166.0, 88.6, 109.8,Large, lavender 
46, 156.8, 65.2, 92.4,Small, red 
45, 163.9, 82.6, 103.2,Large, lavender 
51, 159.1, 55.6, 92.3,Small, red 
45, 162.8, 71.9, 93.4,Small, red 
52, 161.5, 82.2, 107.7,Large, lavender 
36, 168.0, 96.5, 109.8,Large, lavender 
25, 159.0, 62.4, 90.7,Small, red 
33, 156.3, 43.5, 72.6,XX_Small, pink 
39, 164.1, 75.3, 109.0,Large, lavender 
27, 171.0, 55.3, 83.6,XX_Small, pink 
20, 156.6, 57.8, 90.1,Small, red 
21, 157.3, 71.3, 102.3,Large, lavender 
24, 166.9, 77.6, 98.0,Medium, blue 
29, 160.7, 65.5, 97.6,Medium, blue 
25, 163.3, 57.8, 92.2,Small, red 
47, 169.9, 84.3, 112.6,X_Large, green 
23, 163.8, 67.0, 89.2,X_Small, yellow 
24, 163.4, 76.4, 100.0,Medium, blue 
24, 166.0, 66.3, 86.4,X_Small, yellow 
29, 160.4, 67.1, 88.0,X_Small, yellow 
24, 169.3, 70.6, 98.0,Medium, blue 
22, 159.5, 63.6, 93.6,Small, red 
19, 169.4, 64.6, 88.2,X_Small, yellow 
28, 162.6, 65.8, 93.4,Small, red 
23, 161.3, 78.9, 102.1,Large, lavender 
33, 161.4, 58.5, 88.7,X_Small, yellow 
31, 163.0, 58.9, 90.0,Small, red 
26, 171.6, 78.5, 103.5,Large, lavender 
39, 151.0, 67.6, 101.3,Medium, blue 
28, 163.9, 86.2, 110.0,Large, lavender 
35, 157.6, 60.5, 98.1,Medium, blue 
40, 167.7, 95.0, 109.5,Large, lavender 
28, 166.9, 64.9, 98.5,Medium, blue 
34, 159.2, 61.6, 88.4,X_Small, yellow 
22, 160.6, 71.5, 103.0,Large, lavender 
34, 159.7, 76.5, 101.2,Medium, blue 
22, 161.0, 65.2, 89.0,X_Small, yellow 
27, 181.1, 77.3, 87.8,X_Small, yellow 
42, 163.9, 73.4, 102.8,Large, lavender 
25, 163.5, 54.9, 82.5,XX_Small, pink 
21, 175.1, 80.2, 104.1,Large, lavender 
25, 162.6, 69.5, 102.3,Large, lavender 
20, 168.8, 64.7, 94.9,Small, red 
24, 158.8, 65.7, 91.4,Small, red 
33, 163.5, 87.1, 111.1,Large, lavender 
40, 162.4, 58.0, 85.5,X_Small, yellow 
42, 163.4, 79.6, 101.5,Medium, blue 
26, 174.9, 76.1, 92.9,Small, red 
22, 164.6, 57.6, 92.5,Small, red 
43, 160.0, 87.0, 112.9,X_Large, green 
37, 160.0, 76.6, 100.8,Medium, blue 
28, 151.7, 54.8, 84.5,X_Small, yellow 
30, 165.9, 82.6, 103.9,Large, lavender 
27, 171.8, 65.1, 90.2,Small, red 
35, 153.3, 57.0, 94.8,Small, red 
42, 159.2, 71.9, 105.1,Large, lavender 
23, 163.6, 72.6, 100.3,Medium, blue 
24, 164.8, 71.6, 88.2,X_Small, yellow 
24, 166.9, 83.2, 105.6,Large, lavender 
25, 165.5, 60.4, 96.5,Medium, blue 
22, 177.0, 76.4, 93.2,Small, red 
19, 175.2, 93.4, 105.1,Large, lavender 
24, 174.1, 57.3, 85.0,X_Small, yellow 
23, 160.8, 58.2, 83.0,XX_Small, pink 
28, 163.6, 55.3, 88.9,X_Small, yellow 
30, 155.5, 69.8, 100.5,Medium, blue 
40, 157.3, 64.0, 92.5,Small, red 
25, 162.3, 59.0, 84.4,X_Small, yellow 
41, 153.4, 60.4, 90.0,Small, red 
36, 154.3, 66.6, 95.4,Medium, blue 
28, 174.4, 67.0, 92.5,Small, red 
22, 162.3, 63.3, 90.2,Small, red 
26, 158.7, 61.8, 94.7,Small, red 
36, 156.3, 64.5, 94.4,Small, red 
24, 165.5, 58.2, 89.9,X_Small, yellow 
21, 161.2, 79.6, 103.3,Large, lavender 
26, 163.6, 60.9, 90.0,Small, red 
27, 170.9, 82.3, 99.6,Medium, blue 
23, 154.7, 56.7, 90.6,Small, red 
28, 165.7, 51.0, 89.6,X_Small, yellow 
25, 169.5, 60.1, 87.6,X_Small, yellow 
42, 172.0, 71.6, 95.5,Medium, blue 
30, 158.7, 68.1, 91.2,Small, red 
47, 167.6, 94.0, 116.0,X_Large, green 
22, 172.6, 68.6, 84.4,X_Small, yellow 
33, 161.6, 67.1, 94.8,Small, red 
28, 174.7, 68.9, 92.8,Small, red 
33, 170.5, 78.6, 104.2,Large, lavender 
51, 168.5, 70.4, 90.6,Small, red 
33, 159.4, 50.4, 77.6,XX_Small, pink 
33, 168.7, 59.8, 87.2,X_Small, yellow 
43, 170.0, 76.0, 100.5,Medium, blue 
41, 165.8, 78.0, 105.5,Large, lavender 
24, 156.2, 71.2, 100.6,Medium, blue 
31, 165.8, 66.5, 95.3,Medium, blue 
34, 168.8, 73.5, 93.5,Small, red 
28, 152.4, 54.4, 89.5,X_Small, yellow 
20, 161.1, 67.8, 99.2,Medium, blue 
24, 162.7, 64.8, 90.0,Small, red 
24, 161.4, 66.3, 95.3,Medium, blue 
22, 159.8, 77.9, 97.1,Medium, blue 
22, 164.3, 70.2, 99.0,Medium, blue 
27, 161.1, 59.2, 87.3,X_Small, yellow 
23, 152.0, 56.3, 85.2,X_Small, yellow 
24, 169.7, 92.7, 103.9,Large, lavender 
40, 164.0, 80.1, 99.2,Medium, blue 
21, 167.2, 77.2, 97.0,Medium, blue 
26, 166.2, 70.4, 93.6,Small, red 
20, 160.1, 59.0, 88.2,X_Small, yellow 
24, 158.0, 64.0, 97.8,Medium, blue 
25, 167.6, 84.2, 99.7,Medium, blue 
21, 153.6, 54.6, 82.2,XX_Small, pink 
38, 156.1, 71.5, 93.2,Small, red 
21, 147.5, 57.5, 90.3,Small, red 
22, 153.2, 52.2, 79.8,XX_Small, pink 
18, 164.6, 72.5, 95.7,Medium, blue 
21, 165.7, 51.7, 85.4,X_Small, yellow 
21, 164.8, 63.1, 89.6,X_Small, yellow 
18, 158.6, 53.7, 80.4,XX_Small, pink 
22, 160.9, 59.7, 90.0,Small, red 
26, 156.2, 60.7, 94.4,Small, red 
18, 150.7, 57.7, 87.5,X_Small, yellow 
22, 146.8, 49.9, 88.1,X_Small, yellow 
18, 163.6, 68.7, 92.6,Small, red 
30, 158.5, 68.0, 102.1,Large, lavender 
29, 160.7, 63.2, 91.9,Small, red 
25, 165.7, 77.6, 98.9,Medium, blue 
33, 160.6, 63.8, 96.1,Medium, blue 
32, 170.5, 78.3, 99.4,Medium, blue 
29, 160.5, 60.2, 83.6,XX_Small, pink 
37, 166.6, 77.1, 94.4,Small, red 
23, 163.5, 61.7, 89.6,X_Small, yellow 
29, 149.8, 46.2, 84.1,X_Small, yellow 
19, 161.9, 59.1, 86.3,X_Small, yellow 
20, 155.9, 57.4, 87.0,X_Small, yellow 
21, 163.9, 62.1, 90.2,Small, red 
18, 157.4, 61.8, 91.4,Small, red 
19, 153.0, 51.8, 82.4,XX_Small, pink 
18, 155.2, 63.1, 88.1,X_Small, yellow 
18, 157.2, 65.3, 92.9,Small, red 
18, 167.0, 64.6, 90.0,Small, red 
21, 157.4, 56.9, 80.7,XX_Small, pink 
18, 163.6, 66.1, 95.0,Medium, blue 
19, 157.5, 59.8, 89.2,X_Small, yellow 
21, 167.6, 53.3, 85.2,X_Small, yellow 
19, 170.5, 75.5, 107.1,Large, lavender 
19, 160.3, 70.2, 98.7,Medium, blue 
21, 159.3, 65.5, 96.1,Medium, blue 
21, 161.1, 64.4, 91.2,Small, red 
22, 167.3, 68.0, 94.7,Small, red 
18, 168.9, 71.5, 89.3,X_Small, yellow 
18, 152.9, 49.9, 83.7,XX_Small, pink 
18, 160.2, 52.3, 88.2,X_Small, yellow 
36, 176.4, 74.0, 105.7,Large, lavender 
49, 164.8, 75.0, 95.6,Medium, blue 
52, 158.7, 60.4, 97.6,Medium, blue 
22, 149.2, 43.0, 80.8,XX_Small, pink 
29, 156.7, 75.0, 108.2,Large, lavender 
27, 156.3, 71.6, 100.2,Medium, blue 
41, 166.3, 72.3, 96.6,Medium, blue 
19, 161.7, 76.5, 103.0,Large, lavender 
21, 168.3, 66.0, 90.4,Small, red 
21, 163.6, 60.0, 91.4,Small, red 
21, 162.8, 69.5, 93.3,Small, red 
20, 153.6, 63.7, 91.7,Small, red 
18, 153.0, 60.2, 87.4,X_Small, yellow 
19, 167.8, 81.5, 102.2,Large, lavender 
19, 168.2, 77.3, 95.6,Medium, blue 
25, 158.5, 53.7, 85.0,X_Small, yellow 
29, 158.8, 67.2, 91.2,Small, red 
20, 171.8, 69.8, 89.5,X_Small, yellow 
19, 165.5, 80.9, 102.1,Large, lavender 
23, 170.5, 72.2, 89.3,X_Small, yellow 
20, 160.8, 63.0, 97.6,Medium, blue 
21, 160.7, 65.4, 88.6,X_Small, yellow 
21, 149.0, 48.4, 84.7,X_Small, yellow 
18, 156.3, 65.3, 95.6,Medium, blue 
19, 167.7, 66.9, 82.4,XX_Small, pink 
22, 161.5, 66.8, 94.5,Small, red 
18, 157.0, 67.2, 90.7,Small, red 
26, 156.3, 59.7, 88.7,X_Small, yellow 
30, 162.7, 65.8, 92.9,Small, red 
29, 174.3, 65.7, 86.3,X_Small, yellow 
54, 163.5, 68.1, 91.7,Small, red 
27, 169.9, 89.4, 107.0,Large, lavender 
21, 150.3, 64.3, 88.3,X_Small, yellow 
37, 163.7, 85.7, 110.3,Large, lavender 
23, 154.4, 56.0, 85.4,X_Small, yellow 
18, 149.3, 61.3, 90.8,Small, red 
18, 164.5, 66.2, 91.3,Small, red 
19, 170.7, 71.9, 92.3,Small, red 
19, 161.1, 58.6, 88.9,X_Small, yellow 
19, 154.3, 57.6, 84.5,X_Small, yellow 
19, 160.4, 56.0, 87.4,X_Small, yellow 
34, 158.8, 61.6, 85.1,X_Small, yellow 
18, 154.3, 53.3, 81.1,XX_Small, pink 
29, 163.0, 67.8, 99.8,Medium, blue 
20, 167.4, 77.6, 97.4,Medium, blue 
19, 156.0, 65.8, 93.5,Small, red 
18, 162.0, 66.6, 100.1,Medium, blue 
19, 161.3, 54.9, 79.0,XX_Small, pink 
23, 154.1, 53.9, 85.4,X_Small, yellow 
28, 159.5, 81.4, 105.6,Large, lavender 
21, 160.0, 61.1, 92.3,Small, red 
20, 169.0, 77.7, 94.2,Small, red 
18, 161.2, 72.5, 93.0,Small, red 
39, 155.9, 66.4, 94.5,Small, red 
20, 167.8, 80.6, 103.7,Large, lavender 
23, 160.8, 52.2, 83.6,XX_Small, pink 
20, 155.9, 47.8, 79.0,XX_Small, pink 
29, 168.3, 84.5, 104.0,Large, lavender 
18, 158.6, 68.5, 98.5,Medium, blue 
18, 164.6, 64.6, 93.2,Small, red 
18, 165.6, 67.9, 90.8,Small, red 
19, 151.5, 50.9, 82.0,XX_Small, pink 
24, 175.4, 74.5, 95.3,Medium, blue 
23, 169.9, 67.0, 93.4,Small, red 
41, 157.3, 57.3, 96.9,Medium, blue 
23, 165.7, 59.7, 84.1,X_Small, yellow 
24, 165.5, 66.5, 99.8,Medium, blue 
24, 150.2, 50.5, 82.6,XX_Small, pink 
28, 165.3, 74.9, 95.3,Medium, blue 
18, 163.3, 75.6, 100.1,Medium, blue 
24, 158.5, 63.4, 95.6,Medium, blue 
19, 163.2, 76.8, 97.5,Medium, blue 
20, 161.6, 80.4, 101.9,Medium, blue 
32, 167.0, 76.2, 97.1,Medium, blue 
31, 163.2, 52.6, 89.0,X_Small, yellow 
41, 164.8, 65.3, 83.4,XX_Small, pink 
42, 157.6, 72.6, 104.6,Large, lavender 
31, 160.6, 55.7, 92.0,Small, red 
27, 165.2, 59.9, 86.9,X_Small, yellow 
24, 162.5, 75.9, 100.3,Medium, blue 
28, 159.8, 60.7, 95.5,Medium, blue 
28, 161.8, 66.9, 106.8,Large, lavender 
36, 167.4, 69.7, 98.8,Medium, blue 
27, 156.3, 61.4, 91.2,Small, red 
39, 172.8, 74.2, 102.7,Large, lavender 
29, 159.0, 67.1, 99.5,Medium, blue 
28, 163.6, 57.7, 83.4,XX_Small, pink 
44, 165.5, 80.3, 97.2,Medium, blue 
41, 170.7, 63.4, 92.8,Small, red 
21, 167.6, 68.1, 89.1,X_Small, yellow 
19, 163.3, 73.4, 99.8,Medium, blue 
19, 160.7, 67.2, 98.3,Medium, blue 
27, 161.8, 66.2, 91.9,Small, red 
20, 170.8, 70.3, 91.6,Small, red 
22, 173.5, 70.9, 92.0,Small, red 
24, 171.5, 58.6, 85.5,X_Small, yellow 
42, 157.0, 49.3, 92.3,Small, red 
38, 164.2, 73.3, 98.8,Medium, blue 
40, 178.8, 99.6, 109.8,Large, lavender 
43, 160.0, 64.8, 91.3,Small, red 
26, 167.5, 72.9, 93.6,Small, red 
48, 163.4, 90.2, 109.3,Large, lavender 
41, 157.6, 75.4, 103.7,Large, lavender 
21, 159.9, 65.4, 90.3,Small, red 
29, 159.8, 70.8, 88.3,X_Small, yellow 
30, 154.8, 64.7, 98.6,Medium, blue 
18, 160.7, 63.1, 92.0,Small, red 
32, 168.6, 66.6, 90.4,Small, red 
42, 164.0, 66.7, 86.5,X_Small, yellow 
24, 156.3, 49.7, 86.4,X_Small, yellow 
32, 159.1, 55.8, 84.8,X_Small, yellow 
29, 167.8, 92.1, 109.7,Large, lavender 
18, 167.0, 69.5, 93.7,Small, red 
19, 152.9, 56.3, 94.7,Small, red 
18, 161.6, 60.3, 86.0,X_Small, yellow 
21, 162.0, 64.7, 95.9,Medium, blue 
21, 151.0, 64.2, 94.5,Small, red 
28, 162.6, 70.1, 102.2,Large, lavender 
25, 160.0, 58.3, 85.9,X_Small, yellow 
25, 167.9, 84.3, 107.6,Large, lavender 
22, 160.0, 69.6, 105.5,Large, lavender 
41, 161.8, 73.5, 107.2,Large, lavender 
43, 162.9, 47.0, 86.3,X_Small, yellow 
33, 165.1, 60.8, 90.1,Small, red 
30, 159.6, 51.5, 79.1,XX_Small, pink 
45, 165.4, 71.7, 98.3,Medium, blue 
25, 177.6, 88.9, 103.5,Large, lavender 
38, 154.6, 53.2, 84.5,X_Small, yellow 
35, 167.6, 74.7, 99.0,Medium, blue 
30, 158.5, 62.2, 92.4,Small, red 
35, 159.4, 57.4, 89.9,X_Small, yellow 
22, 162.9, 56.5, 87.0,X_Small, yellow 
22, 158.1, 64.6, 97.2,Medium, blue 
28, 161.4, 52.9, 85.5,X_Small, yellow 
27, 155.9, 64.8, 94.7,Small, red 
27, 169.7, 75.1, 96.7,Medium, blue 
27, 167.4, 74.0, 102.6,Large, lavender 
31, 169.2, 75.8, 101.8,Medium, blue 
31, 161.5, 55.4, 84.9,X_Small, yellow 
44, 176.2, 85.2, 104.5,Large, lavender 
30, 157.3, 81.4, 98.6,Medium, blue 
30, 167.4, 82.4, 106.4,Large, lavender 
45, 153.1, 50.3, 87.4,X_Small, yellow 
28, 150.5, 60.7, 96.4,Medium, blue 
26, 170.0, 69.2, 85.8,X_Small, yellow 
30, 153.9, 64.0, 99.2,Medium, blue 
21, 162.0, 65.0, 88.5,X_Small, yellow 
18, 171.2, 58.0, 82.8,XX_Small, pink 
18, 155.4, 60.1, 92.7,Small, red 
22, 159.8, 60.1, 82.1,XX_Small, pink 
19, 161.2, 66.4, 96.8,Medium, blue 
40, 170.7, 70.3, 85.7,X_Small, yellow 
22, 161.1, 61.6, 92.2,Small, red 
33, 159.9, 65.4, 96.7,Medium, blue 
22, 156.9, 58.9, 84.8,X_Small, yellow 
33, 166.3, 52.4, 86.4,X_Small, yellow 
18, 166.6, 70.6, 96.2,Medium, blue 
33, 165.9, 67.6, 83.7,XX_Small, pink 
27, 154.3, 62.3, 96.5,Medium, blue 
20, 157.1, 62.8, 93.1,Small, red 
18, 161.8, 50.3, 79.5,XX_Small, pink 
23, 161.0, 59.9, 91.0,Small, red 
19, 151.2, 50.8, 78.6,XX_Small, pink 
18, 155.5, 52.0, 78.5,XX_Small, pink 
19, 172.9, 83.1, 105.0,Large, lavender 
20, 159.3, 62.2, 96.4,Medium, blue 
22, 160.9, 70.6, 97.3,Medium, blue 
18, 164.8, 66.7, 91.7,Small, red 
30, 163.1, 73.0, 95.3,Medium, blue 
35, 171.2, 84.2, 103.2,Large, lavender 
19, 154.1, 54.9, 79.9,XX_Small, pink 
20, 166.3, 60.9, 86.4,X_Small, yellow 
20, 161.4, 67.0, 99.0,Medium, blue 
20, 159.8, 71.1, 100.6,Medium, blue 
40, 161.7, 65.5, 95.1,Medium, blue 
23, 165.8, 77.1, 99.9,Medium, blue 
18, 164.2, 66.8, 93.5,Small, red 
19, 169.8, 70.7, 90.5,Small, red 
18, 164.8, 75.7, 104.5,Large, lavender 
22, 175.6, 85.7, 99.0,Medium, blue 
19, 165.1, 67.8, 92.2,Small, red 
24, 163.4, 63.0, 89.3,X_Small, yellow 
18, 170.9, 74.5, 88.2,X_Small, yellow 
20, 168.6, 56.4, 82.8,XX_Small, pink 
22, 164.5, 72.1, 100.9,Medium, blue 
19, 156.5, 64.6, 92.5,Small, red 
18, 153.7, 44.4, 80.5,XX_Small, pink 
19, 151.1, 59.1, 91.8,Small, red 
22, 164.9, 69.6, 94.1,Small, red 
21, 145.8, 44.5, 80.8,XX_Small, pink 
26, 175.9, 72.6, 89.3,X_Small, yellow 
18, 155.8, 70.7, 90.4,Small, red 
22, 168.8, 64.3, 93.7,Small, red 
20, 158.1, 65.4, 86.9,X_Small, yellow 
39, 158.3, 62.6, 90.2,Small, red 
28, 164.3, 73.6, 92.6,Small, red 
27, 175.2, 85.3, 103.1,Large, lavender 
38, 160.0, 75.0, 94.8,Small, red 
38, 161.8, 79.7, 108.6,Large, lavender 
43, 171.0, 83.7, 105.3,Large, lavender 
19, 158.5, 59.0, 83.8,XX_Small, pink 
18, 159.5, 51.2, 84.0,X_Small, yellow 
18, 161.4, 62.1, 94.5,Small, red 
27, 166.3, 81.0, 105.8,Large, lavender 
26, 161.7, 61.4, 91.5,Small, red 
19, 159.6, 54.4, 85.3,X_Small, yellow 
39, 160.2, 60.3, 87.5,X_Small, yellow 
25, 169.4, 79.2, 102.1,Large, lavender 
30, 151.0, 61.8, 101.5,Medium, blue 
41, 153.4, 60.3, 99.5,Medium, blue 
45, 163.4, 88.5, 112.7,X_Large, green 
35, 167.9, 84.2, 103.8,Large, lavender 
43, 161.8, 79.8, 101.1,Medium, blue 
42, 165.8, 63.4, 90.8,Small, red 
41, 164.3, 56.1, 87.0,X_Small, yellow 
23, 165.2, 77.4, 99.2,Medium, blue 
29, 161.5, 73.0, 98.8,Medium, blue 
25, 167.4, 85.0, 102.2,Large, lavender 
50, 152.7, 64.3, 99.5,Medium, blue 
30, 151.8, 50.5, 87.7,X_Small, yellow 
47, 165.3, 72.9, 84.0,X_Small, yellow 
29, 165.9, 83.5, 103.5,Large, lavender 
28, 157.0, 46.3, 80.7,XX_Small, pink 
28, 157.0, 80.2, 106.3,Large, lavender 
29, 165.3, 95.1, 115.3,X_Large, green 
25, 171.2, 58.2, 81.5,XX_Small, pink 
30, 151.9, 70.3, 99.9,Medium, blue 
27, 170.2, 101.9, 114.5,X_Large, green 
24, 162.7, 64.5, 91.5,Small, red 
27, 151.6, 72.1, 106.5,Large, lavender 
49, 158.3, 66.1, 103.2,Large, lavender 
30, 164.7, 58.9, 89.6,X_Small, yellow 
27, 159.4, 52.8, 83.7,XX_Small, pink 
55, 161.7, 62.3, 91.3,Small, red 
39, 167.4, 89.6, 118.8,X_Large, green 
32, 160.5, 83.3, 103.0,Large, lavender 
50, 164.9, 91.6, 113.9,X_Large, green 
30, 160.3, 67.7, 86.9,X_Small, yellow 
26, 162.0, 53.5, 77.3,XX_Small, pink 
58, 158.4, 71.2, 105.2,Large, lavender 
35, 157.9, 52.7, 86.0,X_Small, yellow 
44, 160.8, 72.1, 104.5,Large, lavender 
37, 165.6, 58.9, 93.2,Small, red 
36, 163.9, 73.1, 95.3,Medium, blue 
23, 163.0, 62.0, 85.4,X_Small, yellow 
30, 161.5, 69.5, 103.3,Large, lavender 
41, 158.4, 62.0, 93.9,Small, red 
31, 166.4, 66.9, 95.4,Medium, blue 
40, 154.5, 54.3, 89.3,X_Small, yellow 
28, 168.8, 64.8, 86.7,X_Small, yellow 
41, 167.3, 62.5, 84.2,X_Small, yellow 
43, 164.7, 64.3, 86.6,X_Small, yellow 
40, 163.7, 73.6, 95.7,Medium, blue 
32, 178.7, 82.4, 103.6,Large, lavender 
24, 150.3, 70.1, 99.2,Medium, blue 
45, 156.2, 69.9, 104.0,Large, lavender 
31, 155.8, 75.4, 102.1,Large, lavender 
44, 157.6, 64.7, 94.6,Small, red 
25, 162.8, 66.6, 96.1,Medium, blue 
41, 174.8, 83.1, 110.0,Large, lavender 
26, 157.2, 63.2, 99.4,Medium, blue 
20, 174.3, 74.6, 93.7,Small, red 
23, 156.1, 58.9, 92.0,Small, red 
29, 162.3, 64.3, 92.5,Small, red 
34, 164.9, 70.5, 96.5,Medium, blue 
34, 166.1, 76.0, 107.4,Large, lavender 
19, 166.8, 68.0, 97.6,Medium, blue 
25, 172.2, 69.5, 94.1,Small, red 
24, 167.4, 86.8, 104.5,Large, lavender 
23, 166.3, 65.3, 90.2,Small, red 
42, 154.3, 80.4, 100.1,Medium, blue 
23, 156.1, 67.3, 93.5,Small, red 
21, 158.7, 51.6, 80.2,XX_Small, pink 
40, 149.5, 52.6, 92.8,Small, red 
22, 164.5, 91.4, 112.9,X_Large, green 
25, 165.3, 91.9, 106.1,Large, lavender 
46, 168.5, 75.7, 100.5,Medium, blue 
42, 156.9, 71.7, 104.8,Large, lavender 
31, 165.6, 73.8, 91.5,Small, red 
33, 167.2, 76.9, 92.0,Small, red 
24, 162.2, 69.2, 93.2,Small, red 
22, 166.4, 60.9, 89.4,X_Small, yellow 
37, 163.6, 59.6, 85.4,X_Small, yellow 
46, 166.6, 74.0, 104.5,Large, lavender 
46, 155.8, 80.4, 105.6,Large, lavender 
41, 167.4, 93.4, 109.3,Large, lavender 
27, 153.4, 56.8, 95.2,Medium, blue 
44, 163.0, 62.6, 84.7,X_Small, yellow 
42, 167.1, 73.8, 100.5,Medium, blue 
20, 178.9, 80.8, 96.8,Medium, blue 
32, 155.3, 62.4, 85.2,X_Small, yellow 
37, 167.3, 77.5, 101.0,Medium, blue 
25, 159.8, 63.1, 90.2,Small, red 
41, 179.8, 87.5, 99.0,Medium, blue 
25, 164.1, 65.0, 88.8,X_Small, yellow 
20, 171.8, 65.0, 84.8,X_Small, yellow 
19, 156.8, 63.8, 100.1,Medium, blue 
25, 165.2, 64.2, 92.3,Small, red 
25, 167.6, 69.8, 95.4,Medium, blue 
36, 159.5, 83.1, 108.3,Large, lavender 
26, 169.7, 96.2, 105.3,Large, lavender 
44, 170.3, 93.0, 116.7,X_Large, green 
22, 156.7, 48.9, 82.6,XX_Small, pink 
28, 155.4, 53.6, 81.8,XX_Small, pink 
29, 164.5, 62.9, 93.0,Small, red 
23, 162.5, 51.0, 81.8,XX_Small, pink 
36, 156.0, 65.4, 96.6,Medium, blue 
23, 150.1, 58.8, 94.6,Small, red 
28, 161.7, 65.0, 93.1,Small, red 
21, 166.0, 67.9, 91.3,Small, red 
25, 163.5, 71.9, 105.3,Large, lavender 
28, 162.1, 92.0, 98.4,Medium, blue 
23, 159.6, 61.8, 92.0,Small, red 
30, 164.9, 71.2, 95.1,Medium, blue 
31, 159.0, 64.3, 92.1,Small, red 
40, 163.0, 79.3, 93.5,Small, red 
31, 150.5, 57.5, 90.3,Small, red 
25, 159.0, 68.6, 97.9,Medium, blue 
30, 161.3, 68.8, 88.2,X_Small, yellow 
43, 162.0, 77.8, 98.1,Medium, blue 
48, 168.7, 76.5, 105.3,Large, lavender 
38, 161.3, 59.0, 88.7,X_Small, yellow 
46, 164.8, 62.6, 96.4,Medium, blue 
24, 182.0, 90.8, 101.6,Medium, blue 
21, 161.3, 50.0, 86.3,X_Small, yellow 
24, 171.9, 68.8, 97.8,Medium, blue 
53, 154.3, 56.7, 92.6,Small, red 
27, 167.4, 62.2, 91.3,Small, red 
30, 166.2, 70.7, 98.1,Medium, blue 
21, 161.2, 68.5, 94.5,Small, red 
21, 160.5, 57.1, 83.6,XX_Small, pink 
32, 156.0, 84.6, 111.2,Large, lavender 
22, 166.4, 61.8, 81.4,XX_Small, pink 
31, 166.2, 67.2, 94.3,Small, red 
26, 162.0, 69.2, 92.4,Small, red 
20, 156.7, 46.9, 76.4,XX_Small, pink 
18, 168.9, 67.4, 87.3,X_Small, yellow 
21, 157.6, 52.9, 84.5,X_Small, yellow 
22, 159.6, 64.4, 86.1,X_Small, yellow 
30, 168.4, 81.9, 102.3,Large, lavender 
21, 170.2, 68.3, 90.8,Small, red 
23, 174.5, 58.2, 85.2,X_Small, yellow 
31, 159.9, 53.2, 86.1,X_Small, yellow 
23, 162.8, 70.3, 98.5,Medium, blue 
31, 165.1, 80.7, 103.7,Large, lavender 
42, 159.2, 56.9, 88.6,X_Small, yellow 
19, 158.7, 50.4, 89.7,X_Small, yellow 
21, 162.8, 74.3, 95.5,Medium, blue 
18, 162.7, 64.8, 91.8,Small, red 
25, 161.7, 65.2, 94.9,Small, red 
25, 158.2, 54.8, 83.0,XX_Small, pink 
33, 153.7, 56.1, 89.7,X_Small, yellow 
42, 162.9, 66.3, 91.6,Small, red 
20, 164.0, 57.7, 90.0,Small, red 
25, 167.5, 79.0, 93.4,Small, red 
31, 159.2, 67.1, 99.6,Medium, blue 
21, 163.3, 69.1, 102.0,Large, lavender 
37, 173.3, 77.3, 91.9,Small, red 
27, 161.0, 62.2, 89.3,X_Small, yellow 
27, 156.6, 62.0, 94.3,Small, red 
26, 163.9, 69.1, 99.0,Medium, blue 
26, 158.0, 62.6, 88.5,X_Small, yellow 
22, 155.7, 58.7, 87.3,X_Small, yellow 
24, 168.3, 69.4, 91.3,Small, red 
22, 159.7, 64.7, 93.0,Small, red 
19, 159.8, 62.1, 88.3,X_Small, yellow 
18, 161.3, 69.8, 95.6,Medium, blue 
19, 164.9, 65.6, 83.5,XX_Small, pink 
20, 167.2, 60.2, 84.7,X_Small, yellow 
17, 171.3, 74.3, 89.1,X_Small, yellow 
37, 164.1, 74.4, 103.2,Large, lavender 
18, 161.2, 63.3, 92.8,Small, red 
21, 159.6, 62.1, 89.2,X_Small, yellow 
35, 144.2, 46.7, 82.1,XX_Small, pink 
30, 155.5, 63.9, 97.8,Medium, blue 
24, 149.7, 57.9, 91.5,Small, red 
25, 161.2, 70.8, 97.3,Medium, blue 
26, 169.0, 69.8, 91.1,Small, red 
20, 163.4, 65.4, 98.1,Medium, blue 
18, 150.9, 54.2, 90.0,Small, red 
20, 158.2, 59.3, 86.2,X_Small, yellow 
32, 146.5, 49.7, 90.9,Small, red 
26, 154.5, 52.6, 91.3,Small, red 
22, 147.5, 48.0, 82.5,XX_Small, pink 
29, 163.3, 55.7, 95.1,Medium, blue 
30, 163.1, 72.4, 97.6,Medium, blue 
22, 162.6, 66.1, 94.5,Small, red 
22, 153.3, 79.4, 105.7,Large, lavender 
23, 155.3, 57.2, 90.4,Small, red 
28, 175.2, 78.5, 94.6,Small, red 
23, 161.8, 67.6, 97.6,Medium, blue 
23, 163.4, 53.0, 88.7,X_Small, yellow 
24, 168.9, 77.7, 99.1,Medium, blue 
36, 153.4, 52.4, 87.7,X_Small, yellow 
22, 162.9, 60.1, 90.0,Small, red 
28, 162.8, 55.9, 89.3,X_Small, yellow 
24, 160.3, 53.0, 84.5,X_Small, yellow 
23, 154.7, 57.8, 88.0,X_Small, yellow 
31, 158.5, 64.4, 101.0,Medium, blue 
22, 163.8, 69.3, 101.6,Medium, blue 
22, 175.4, 84.9, 103.3,Large, lavender 
24, 162.3, 60.7, 89.5,X_Small, yellow 
22, 161.4, 62.3, 91.9,Small, red 
25, 167.6, 60.1, 87.0,X_Small, yellow 
29, 156.0, 51.6, 82.5,XX_Small, pink 
42, 163.7, 50.5, 79.2,XX_Small, pink 
22, 154.2, 53.2, 89.2,X_Small, yellow 
29, 153.6, 56.6, 90.4,Small, red 
23, 161.3, 73.2, 94.5,Small, red 
24, 159.5, 57.6, 90.8,Small, red 
41, 165.9, 80.7, 100.5,Medium, blue 
22, 156.4, 62.2, 89.5,X_Small, yellow 
53, 168.6, 72.6, 101.4,Medium, blue 
25, 167.8, 71.1, 97.8,Medium, blue 
26, 157.3, 57.2, 97.5,Medium, blue 
20, 158.9, 62.3, 88.9,X_Small, yellow 
18, 162.1, 60.2, 88.4,X_Small, yellow 
46, 167.9, 80.5, 113.5,X_Large, green 
42, 159.8, 56.1, 91.4,Small, red 
26, 171.3, 52.0, 76.6,XX_Small, pink 
29, 155.0, 57.8, 88.0,X_Small, yellow 
24, 158.3, 58.0, 83.4,XX_Small, pink 
19, 154.0, 61.2, 83.4,XX_Small, pink 
47, 154.1, 58.5, 93.6,Small, red 
41, 162.2, 87.5, 105.2,Large, lavender 
42, 179.3, 77.3, 101.5,Medium, blue 
30, 171.3, 75.5, 102.6,Large, lavender 
29, 160.3, 67.8, 104.3,Large, lavender 
45, 171.1, 88.8, 106.2,Large, lavender 
23, 164.1, 66.5, 92.1,Small, red 
40, 149.4, 58.0, 96.3,Medium, blue 
19, 167.2, 66.5, 102.9,Large, lavender 
19, 161.6, 64.9, 88.4,X_Small, yellow 
25, 158.5, 67.3, 98.3,Medium, blue 
49, 161.2, 74.4, 106.5,Large, lavender 
41, 166.3, 57.6, 86.9,X_Small, yellow 
43, 165.6, 73.5, 100.4,Medium, blue 
37, 159.8, 63.6, 94.0,Small, red 
24, 154.5, 43.2, 77.0,XX_Small, pink 
23, 163.4, 74.7, 107.2,Large, lavender 
34, 170.4, 66.9, 97.1,Medium, blue 
43, 166.4, 82.6, 110.0,Large, lavender 
27, 152.2, 57.8, 87.3,X_Small, yellow 
30, 164.6, 63.7, 90.7,Small, red 
36, 155.7, 75.8, 101.9,Medium, blue 
31, 162.5, 59.4, 95.0,Medium, blue 
37, 167.1, 87.2, 114.3,X_Large, green 
42, 153.5, 69.3, 97.0,Medium, blue 
34, 159.1, 50.0, 90.3,Small, red 
27, 156.7, 56.7, 91.6,Small, red 
27, 154.0, 58.9, 86.8,X_Small, yellow 
30, 157.3, 64.0, 98.7,Medium, blue 
21, 163.7, 68.3, 94.2,Small, red 
42, 160.4, 56.6, 90.8,Small, red 
28, 174.0, 63.2, 88.1,X_Small, yellow 
27, 156.3, 59.1, 88.2,X_Small, yellow 
21, 177.3, 76.0, 90.7,Small, red 
25, 167.2, 66.4, 96.6,Medium, blue 
24, 156.4, 65.8, 93.1,Small, red 
21, 160.0, 71.0, 96.8,Medium, blue 
20, 158.6, 55.1, 83.0,XX_Small, pink 
23, 156.6, 59.3, 88.3,X_Small, yellow 
24, 168.3, 66.1, 95.9,Medium, blue 
27, 161.3, 65.8, 91.0,Small, red 
27, 157.2, 63.4, 94.0,Small, red 
24, 158.4, 48.0, 86.9,X_Small, yellow 
21, 170.6, 66.0, 90.0,Small, red 
32, 162.0, 60.1, 88.7,X_Small, yellow 
30, 164.0, 54.6, 80.7,XX_Small, pink 
31, 171.1, 116.6, 126.6,XX_Large, gry 
21, 164.1, 79.3, 104.2,Large, lavender 
23, 156.7, 45.4, 79.1,XX_Small, pink 
22, 162.9, 49.9, 81.4,XX_Small, pink 
21, 147.9, 35.8, 69.5,XX_Small, pink 
25, 166.3, 70.0, 91.2,Small, red 
22, 174.9, 77.0, 93.4,Small, red 
40, 159.2, 64.9, 98.4,Medium, blue 
21, 159.1, 55.0, 88.7,X_Small, yellow 
21, 171.0, 87.5, 108.1,Large, lavender 
26, 168.4, 76.8, 101.2,Medium, blue 
22, 162.5, 76.3, 101.8,Medium, blue 
28, 166.6, 65.0, 93.5,Small, red 
20, 157.6, 55.5, 89.6,X_Small, yellow 
22, 168.5, 75.5, 103.6,Large, lavender 
24, 162.9, 54.8, 85.0,X_Small, yellow 
25, 163.7, 70.5, 92.6,Small, red 
21, 159.7, 54.8, 88.8,X_Small, yellow 
24, 167.6, 76.3, 96.7,Medium, blue 
31, 167.2, 78.4, 102.6,Large, lavender 
32, 170.7, 69.8, 92.0,Small, red 
24, 164.9, 65.0, 87.9,X_Small, yellow 
20, 161.5, 79.4, 97.2,Medium, blue 
23, 162.9, 89.7, 115.7,X_Large, green 
20, 161.5, 52.5, 85.0,X_Small, yellow 
20, 153.7, 77.2, 97.6,Medium, blue 
22, 166.3, 65.7, 89.9,X_Small, yellow 
21, 158.2, 53.7, 88.8,X_Small, yellow 
41, 149.9, 66.7, 101.0,Medium, blue 
25, 177.1, 83.3, 101.0,Medium, blue 
27, 154.5, 59.9, 96.7,Medium, blue 
31, 160.3, 64.9, 97.5,Medium, blue 
24, 158.0, 78.8, 106.6,Large, lavender 
23, 160.8, 75.2, 106.2,Large, lavender 
31, 156.1, 64.3, 94.1,Small, red 
21, 164.2, 61.3, 88.0,X_Small, yellow 
20, 160.0, 84.7, 102.7,Large, lavender 
28, 159.1, 68.7, 95.3,Medium, blue 
37, 169.7, 69.7, 99.7,Medium, blue 
30, 169.1, 60.2, 87.0,X_Small, yellow 
28, 156.3, 63.1, 95.6,Medium, blue 
42, 159.8, 95.2, 115.2,X_Large, green 
20, 163.1, 51.3, 79.5,XX_Small, pink 
23, 164.8, 69.4, 93.7,Small, red 
21, 149.6, 50.9, 82.6,XX_Small, pink 
21, 152.2, 52.0, 87.8,X_Small, yellow 
31, 176.9, 88.9, 104.7,Large, lavender 
36, 176.1, 78.5, 90.0,Small, red 
21, 161.8, 67.8, 97.6,Medium, blue 
27, 161.2, 64.4, 91.2,Small, red 
26, 165.3, 65.7, 94.0,Small, red 
42, 159.8, 66.1, 95.5,Medium, blue 
29, 177.0, 92.5, 113.0,X_Large, green 
50, 156.6, 61.1, 100.1,Medium, blue 
39, 166.8, 61.1, 96.1,Medium, blue 
27, 161.4, 79.7, 97.3,Medium, blue 
38, 167.3, 68.2, 102.1,Large, lavender 
19, 158.8, 48.9, 84.0,X_Small, yellow 
40, 153.4, 66.9, 105.3,Large, lavender 
24, 149.0, 61.7, 88.8,X_Small, yellow 
34, 161.1, 70.6, 95.5,Medium, blue 
29, 159.9, 61.1, 90.9,Small, red 
36, 164.5, 66.2, 100.1,Medium, blue 
39, 157.1, 53.2, 91.0,Small, red 
29, 165.7, 61.6, 93.3,Small, red 
31, 164.1, 73.7, 97.4,Medium, blue 
35, 171.0, 65.7, 94.7,Small, red 
27, 167.4, 67.1, 98.6,Medium, blue 
54, 156.1, 83.1, 118.0,X_Large, green 
49, 166.4, 86.6, 110.0,Large, lavender 
31, 174.3, 105.4, 110.1,Large, lavender 
31, 168.1, 92.0, 108.0,Large, lavender 
28, 149.8, 61.7, 91.3,Small, red 
42, 159.5, 77.2, 102.6,Large, lavender 
43, 177.1, 77.7, 104.7,Large, lavender 
31, 158.5, 80.2, 111.3,Large, lavender 
37, 181.9, 95.3, 108.0,Large, lavender 
36, 168.3, 87.0, 109.4,Large, lavender 
23, 168.6, 73.0, 97.4,Medium, blue 
28, 170.3, 87.7, 109.6,Large, lavender 
40, 170.7, 82.3, 97.6,Medium, blue 
38, 167.8, 83.1, 107.8,Large, lavender 
28, 164.6, 59.9, 88.6,X_Small, yellow 
38, 167.6, 72.5, 96.2,Medium, blue 
28, 170.3, 63.0, 87.2,X_Small, yellow 
29, 160.9, 62.3, 90.1,Small, red 
28, 163.6, 82.1, 110.0,Large, lavender 
31, 162.5, 62.4, 91.0,Small, red 
42, 161.5, 56.7, 88.3,X_Small, yellow 
46, 160.3, 67.5, 106.0,Large, lavender 
27, 164.1, 62.3, 84.6,X_Small, yellow 
30, 169.7, 64.4, 92.0,Small, red 
27, 157.1, 62.6, 92.6,Small, red 
28, 154.8, 71.3, 94.6,Small, red 
27, 163.3, 63.0, 89.9,X_Small, yellow 
23, 166.7, 82.0, 103.2,Large, lavender 
25, 158.4, 76.2, 104.3,Large, lavender 
24, 164.2, 69.7, 92.9,Small, red 
22, 173.6, 91.0, 109.8,Large, lavender 
24, 167.1, 80.1, 96.5,Medium, blue 
21, 159.5, 68.3, 91.2,Small, red 
22, 171.6, 76.9, 96.4,Medium, blue 
19, 157.4, 60.1, 87.9,X_Small, yellow 
27, 161.0, 82.1, 105.4,Large, lavender 
37, 164.3, 84.2, 94.7,Small, red 
21, 169.7, 79.1, 99.2,Medium, blue 
21, 150.1, 57.5, 94.1,Small, red 
33, 163.2, 56.8, 88.4,X_Small, yellow 
37, 165.4, 72.0, 101.5,Medium, blue 
24, 157.1, 52.1, 78.7,XX_Small, pink 
23, 159.6, 68.9, 103.1,Large, lavender 
22, 158.9, 65.2, 88.1,X_Small, yellow 
43, 165.0, 82.7, 113.1,X_Large, green 
29, 161.1, 66.2, 92.7,Small, red 
44, 163.2, 71.5, 97.1,Medium, blue 
35, 172.9, 97.3, 122.0,X_Large, green 
19, 153.3, 45.0, 80.0,XX_Small, pink 
20, 161.1, 50.4, 79.3,XX_Small, pink 
24, 165.0, 57.7, 84.8,X_Small, yellow 
22, 147.3, 56.2, 93.2,Small, red 
25, 170.0, 72.8, 94.1,Small, red 
20, 169.2, 72.2, 94.0,Small, red 
27, 161.1, 56.0, 82.6,XX_Small, pink 
19, 173.4, 82.4, 99.0,Medium, blue 
20, 169.2, 82.5, 104.7,Large, lavender 
28, 164.7, 99.5, 107.1,Large, lavender 
38, 159.9, 98.8, 122.2,X_Large, green 
53, 161.4, 81.5, 110.2,Large, lavender 
23, 154.9, 72.3, 95.0,Medium, blue 
29, 163.4, 73.6, 95.7,Medium, blue 
21, 176.0, 69.8, 95.1,Medium, blue 
23, 168.3, 76.6, 102.6,Large, lavender 
23, 161.8, 65.1, 90.0,Small, red 
34, 156.5, 51.8, 80.0,XX_Small, pink 
23, 159.2, 54.9, 86.8,X_Small, yellow 
22, 163.6, 57.6, 86.2,X_Small, yellow 
22, 153.8, 58.3, 91.4,Small, red 
24, 164.8, 67.0, 88.3,X_Small, yellow 
24, 164.5, 63.1, 93.6,Small, red 
25, 162.3, 62.7, 88.0,X_Small, yellow 
21, 161.1, 67.6, 94.1,Small, red 
24, 160.2, 53.4, 87.2,X_Small, yellow 
24, 167.0, 74.8, 100.8,Medium, blue 
23, 164.3, 64.4, 91.5,Small, red 
23, 162.8, 67.7, 97.9,Medium, blue 
22, 157.5, 62.0, 90.4,Small, red 
20, 161.3, 53.6, 83.4,XX_Small, pink 
23, 159.8, 59.9, 86.8,X_Small, yellow 
23, 161.0, 64.4, 89.8,X_Small, yellow 
26, 159.7, 53.6, 82.2,XX_Small, pink 
40, 159.0, 88.2, 108.6,Large, lavender 
24, 168.8, 64.6, 93.0,Small, red 
30, 150.2, 66.2, 93.6,Small, red 
21, 159.3, 69.8, 91.5,Small, red 
20, 160.7, 67.7, 103.6,Large, lavender 
23, 162.5, 58.6, 88.1,X_Small, yellow 
23, 152.5, 52.6, 88.6,X_Small, yellow 
27, 156.3, 56.4, 89.4,X_Small, yellow 
25, 173.4, 76.5, 92.3,Small, red 
26, 173.4, 87.1, 99.6,Medium, blue 
35, 172.8, 68.2, 92.0,Small, red 
24, 166.1, 62.9, 89.3,X_Small, yellow 
28, 170.3, 56.8, 87.2,X_Small, yellow 
20, 170.2, 68.0, 97.1,Medium, blue 
32, 177.2, 66.9, 91.1,Small, red 
38, 162.6, 71.2, 92.8,Small, red 
32, 166.1, 78.1, 99.9,Medium, blue 
40, 154.9, 67.5, 96.6,Medium, blue 
28, 163.4, 66.3, 93.8,Small, red 
25, 166.1, 79.3, 101.6,Medium, blue 
29, 156.4, 60.4, 94.6,Small, red 
33, 166.4, 73.2, 107.5,Large, lavender 
50, 155.3, 71.2, 104.4,Large, lavender 
37, 170.0, 72.2, 90.9,Small, red 
27, 154.2, 61.0, 92.6,Small, red 
34, 174.3, 81.7, 98.7,Medium, blue 
22, 162.3, 79.9, 98.0,Medium, blue 
20, 159.0, 60.2, 84.5,X_Small, yellow 
23, 160.4, 58.4, 88.2,X_Small, yellow 
26, 162.7, 60.1, 87.2,X_Small, yellow 
24, 171.8, 83.4, 101.4,Medium, blue 
23, 170.5, 97.3, 117.3,X_Large, green 
25, 156.1, 55.7, 85.7,X_Small, yellow 
25, 166.1, 55.3, 80.3,XX_Small, pink 
25, 162.0, 52.6, 84.1,X_Small, yellow 
25, 166.0, 61.4, 85.7,X_Small, yellow 
25, 169.7, 89.4, 108.3,Large, lavender 
23, 169.9, 89.3, 106.6,Large, lavender 
21, 174.0, 70.2, 90.1,Small, red 
48, 170.1, 73.8, 103.0,Large, lavender 
22, 170.7, 60.1, 90.0,Small, red 
33, 156.0, 78.2, 99.8,Medium, blue 
26, 148.3, 44.2, 78.0,XX_Small, pink 
22, 158.7, 47.6, 80.2,XX_Small, pink 
27, 157.9, 64.2, 90.7,Small, red 
21, 165.9, 73.7, 94.0,Small, red 
27, 168.4, 77.6, 97.2,Medium, blue 
27, 159.3, 62.0, 90.0,Small, red 
25, 158.9, 64.6, 95.3,Medium, blue 
20, 168.3, 69.7, 94.5,Small, red 
28, 170.4, 72.4, 95.3,Medium, blue 
47, 173.6, 69.7, 102.2,Large, lavender 
26, 163.3, 62.0, 92.7,Small, red 
44, 172.4, 88.4, 101.3,Medium, blue 
47, 148.7, 71.2, 100.1,Medium, blue 
50, 156.0, 68.4, 101.8,Medium, blue 
43, 156.1, 62.3, 97.8,Medium, blue 
28, 161.8, 61.4, 93.0,Small, red 
24, 160.4, 55.1, 93.0,Small, red 
43, 165.8, 112.1, 114.1,X_Large, green 
35, 165.8, 74.9, 97.0,Medium, blue 
25, 159.1, 70.9, 95.6,Medium, blue 
31, 163.8, 58.8, 87.2,X_Small, yellow 
21, 175.1, 87.6, 100.3,Medium, blue 
20, 158.7, 59.7, 85.7,X_Small, yellow 
27, 154.0, 68.0, 104.4,Large, lavender 
22, 157.6, 70.7, 100.9,Medium, blue 
30, 173.7, 68.6, 92.0,Small, red 
27, 157.3, 62.4, 90.1,Small, red 
40, 162.2, 61.0, 90.3,Small, red 
20, 158.8, 58.2, 89.1,X_Small, yellow 
25, 154.8, 48.9, 84.3,X_Small, yellow 
25, 166.2, 69.6, 93.8,Small, red 
22, 171.8, 79.5, 97.6,Medium, blue 
29, 151.9, 60.0, 88.5,X_Small, yellow 
24, 157.3, 64.0, 95.0,Medium, blue 
39, 156.6, 71.2, 93.2,Small, red 
25, 152.9, 47.5, 82.0,XX_Small, pink 
26, 158.5, 73.5, 90.9,Small, red 
23, 161.1, 54.6, 89.3,X_Small, yellow 
21, 161.0, 56.2, 92.5,Small, red 
22, 154.1, 58.2, 94.7,Small, red 
21, 176.6, 81.2, 99.9,Medium, blue 
30, 162.6, 51.8, 83.8,XX_Small, pink 
27, 164.4, 52.3, 85.2,X_Small, yellow 
26, 167.9, 75.6, 102.3,Large, lavender 
24, 174.3, 67.4, 91.2,Small, red 
22, 165.8, 55.2, 82.5,XX_Small, pink 
21, 161.0, 69.0, 103.1,Large, lavender 
27, 167.5, 63.6, 89.3,X_Small, yellow 
32, 163.7, 64.1, 95.1,Medium, blue 
20, 162.8, 70.1, 93.4,Small, red 
22, 164.5, 79.3, 100.4,Medium, blue 
24, 159.5, 66.0, 95.7,Medium, blue 
23, 173.1, 93.1, 111.7,Large, lavender 
24, 156.7, 66.1, 96.0,Medium, blue 
28, 162.8, 51.0, 78.0,XX_Small, pink 
21, 168.8, 68.6, 91.6,Small, red 
42, 170.6, 83.9, 106.3,Large, lavender 
28, 154.3, 65.2, 89.3,X_Small, yellow 
27, 166.5, 92.0, 110.2,Large, lavender 
22, 169.0, 66.7, 90.0,Small, red 
24, 147.1, 46.4, 82.3,XX_Small, pink 
24, 161.6, 62.7, 94.3,Small, red 
28, 175.3, 59.3, 90.1,Small, red 
32, 162.6, 50.8, 79.5,XX_Small, pink 
29, 169.8, 72.7, 94.4,Small, red 
42, 154.5, 58.3, 97.0,Medium, blue 
23, 175.9, 66.9, 94.2,Small, red 
43, 173.2, 84.2, 104.1,Large, lavender 
32, 158.7, 60.1, 88.4,X_Small, yellow 
27, 160.5, 60.9, 92.0,Small, red 
29, 153.0, 68.7, 94.3,Small, red 
28, 159.8, 54.9, 88.7,X_Small, yellow 
20, 152.4, 45.2, 82.6,XX_Small, pink 
24, 168.3, 83.5, 105.5,Large, lavender 
21, 157.7, 64.1, 90.1,Small, red 
36, 158.3, 58.8, 90.6,Small, red 
30, 158.2, 56.3, 87.8,X_Small, yellow 
34, 156.9, 70.2, 101.6,Medium, blue 
24, 165.1, 77.9, 101.5,Medium, blue 
20, 146.3, 62.6, 99.8,Medium, blue 
24, 165.9, 99.2, 119.8,X_Large, green 
23, 159.6, 62.6, 88.3,X_Small, yellow 
28, 160.0, 71.3, 105.0,Large, lavender 
28, 155.7, 52.8, 87.2,X_Small, yellow 
23, 156.5, 55.2, 89.6,X_Small, yellow 
21, 152.5, 62.2, 96.2,Medium, blue 
21, 161.3, 61.2, 86.3,X_Small, yellow 
22, 167.4, 52.9, 81.4,XX_Small, pink 
29, 161.4, 74.8, 99.6,Medium, blue 
29, 155.8, 58.2, 89.8,X_Small, yellow 
28, 177.4, 79.0, 94.2,Small, red 
20, 163.3, 61.8, 92.2,Small, red 
28, 161.1, 71.6, 99.2,Medium, blue 
21, 176.8, 69.2, 95.8,Medium, blue 
28, 157.8, 63.5, 97.3,Medium, blue 
22, 161.9, 70.4, 91.7,Small, red 
21, 168.1, 66.8, 94.6,Small, red 
22, 161.3, 53.5, 84.1,X_Small, yellow 
23, 157.5, 61.5, 96.7,Medium, blue 
24, 164.8, 75.1, 101.8,Medium, blue 
20, 159.0, 54.6, 86.7,X_Small, yellow 
25, 160.9, 69.5, 97.3,Medium, blue 
31, 162.5, 77.3, 99.0,Medium, blue 
41, 167.6, 75.1, 101.2,Medium, blue 
27, 162.3, 70.0, 104.0,Large, lavender 
26, 161.2, 50.2, 82.9,XX_Small, pink 
42, 172.0, 71.7, 98.4,Medium, blue 
23, 156.7, 64.4, 91.0,Small, red 
24, 177.0, 107.2, 120.3,X_Large, green 
35, 166.8, 94.0, 119.6,X_Large, green 
29, 158.8, 76.4, 96.8,Medium, blue 
53, 161.6, 89.7, 114.0,X_Large, green 
44, 159.3, 77.7, 109.1,Large, lavender 
20, 157.2, 49.7, 87.0,X_Small, yellow 
21, 167.4, 66.2, 91.3,Small, red 
29, 165.2, 69.6, 104.9,Large, lavender 
26, 166.4, 84.4, 107.1,Large, lavender 
20, 169.1, 64.7, 91.0,Small, red 
25, 165.7, 78.0, 101.9,Medium, blue 
24, 170.4, 77.3, 96.5,Medium, blue 
21, 165.4, 73.4, 95.2,Medium, blue 
46, 157.8, 69.5, 98.2,Medium, blue 
26, 164.5, 70.7, 103.5,Large, lavender 
22, 163.1, 93.6, 114.2,X_Large, green 
31, 156.1, 85.7, 105.5,Large, lavender 
26, 151.6, 57.3, 91.4,Small, red 
25, 174.9, 67.6, 93.0,Small, red 
22, 171.5, 85.5, 100.6,Medium, blue 
20, 160.0, 54.9, 92.9,Small, red 
22, 168.3, 58.8, 87.2,X_Small, yellow 
25, 155.7, 71.5, 98.3,Medium, blue 
45, 154.8, 58.0, 87.3,X_Small, yellow 
39, 171.4, 69.7, 93.4,Small, red 
35, 164.9, 68.5, 100.6,Medium, blue 
32, 152.8, 58.6, 90.7,Small, red 
54, 159.6, 84.2, 110.1,Large, lavender 
35, 165.8, 90.9, 106.8,Large, lavender 
55, 170.1, 104.7, 116.8,X_Large, green 
42, 168.3, 66.3, 89.6,X_Small, yellow 
39, 163.4, 76.6, 115.4,X_Large, green 
22, 169.5, 71.5, 94.1,Small, red 
37, 154.8, 59.1, 89.8,X_Small, yellow 
37, 158.7, 66.5, 95.2,Medium, blue 
45, 154.9, 67.6, 99.1,Medium, blue 
33, 160.6, 79.2, 109.1,Large, lavender 
40, 150.8, 65.2, 100.5,Medium, blue 
25, 173.3, 75.3, 93.1,Small, red 
23, 156.0, 51.7, 88.6,X_Small, yellow 
36, 173.9, 86.5, 106.0,Large, lavender 
39, 162.9, 73.2, 95.2,Medium, blue 
46, 160.9, 74.1, 92.3,Small, red 
56, 174.0, 90.6, 109.3,Large, lavender 
34, 167.8, 84.5, 94.3,Small, red 
40, 154.5, 63.1, 97.4,Medium, blue 
38, 180.9, 89.8, 111.3,Large, lavender 
49, 176.4, 97.0, 109.0,Large, lavender 
32, 160.6, 66.3, 94.0,Small, red 
31, 156.7, 59.4, 95.2,Medium, blue 
27, 159.4, 65.7, 105.9,Large, lavender 
40, 158.7, 78.6, 112.5,X_Large, green 
35, 157.3, 52.0, 83.7,XX_Small, pink 
32, 162.4, 64.1, 92.0,Small, red 
40, 163.5, 79.8, 103.7,Large, lavender 
38, 158.0, 74.0, 102.1,Large, lavender 
41, 169.1, 64.1, 93.5,Small, red 
27, 165.6, 80.3, 107.2,Large, lavender 
38, 161.5, 71.4, 108.9,Large, lavender 
32, 174.9, 92.4, 97.3,Medium, blue 
52, 156.1, 66.8, 104.2,Large, lavender 
33, 167.4, 67.8, 92.5,Small, red 
34, 172.1, 57.7, 86.5,X_Small, yellow 
44, 170.4, 68.7, 103.0,Large, lavender 
26, 163.6, 75.8, 103.8,Large, lavender 
41, 158.3, 65.2, 104.7,Large, lavender 
30, 160.4, 69.9, 99.4,Medium, blue 
30, 153.3, 47.4, 80.2,XX_Small, pink 
32, 159.4, 55.8, 93.1,Small, red 
25, 171.9, 76.8, 99.0,Medium, blue 
51, 168.7, 83.2, 108.2,Large, lavender 
40, 161.3, 71.7, 101.6,Medium, blue 
40, 164.4, 76.2, 109.3,Large, lavender 
31, 161.6, 63.2, 92.2,Small, red 
27, 164.1, 61.0, 90.2,Small, red 
